,$(ΣI)_{n}$,$(ΣS)_{n}$,"$I_{1619, n}$","$S_{1619, n}$","$I_{1720, n}$","$S_{1720, n}$",$(\frac{ΣI}{ΣS})_{n}$,$(\frac{ΣI}{I_{1619}})_{n}$,$(\frac{ΣI}{S_{1619}})_{n}$,$(\frac{ΣI}{I_{1720}})_{n}$,$(\frac{ΣI}{S_{1720}})_{n}$,$(\frac{ΣS}{I_{1619}})_{n}$,$(\frac{ΣS}{S_{1619}})_{n}$,$(\frac{ΣS}{I_{1720}})_{n}$,$(\frac{ΣS}{S_{1720}})_{n}$,$(\frac{I_{1619}}{S_{1619}})_{n}$,$(\frac{I_{1619}}{I_{1720}})_{n}$,$(\frac{I_{1619}}{S_{1720}})_{n}$,$(\frac{S_{1619}}{I_{1720}})_{n}$,$(\frac{S_{1619}}{S_{1720}})_{n}$,$(\frac{I_{1720}}{S_{1720}})_{n}$,$(ΣI^{-1})_{n}$,$(ΣI^2)_{n}$,$(ΣI^{-2})_{n}$,$(ΣI^3)_{n}$,$(ΣI^{-3})_{n}$,$(ΣI^4)_{n}$,$(ΣI^{-4})_{n}$,$(ΣI^5)_{n}$,$(ΣI^{-5})_{n}$,$(ΣS^{-1})_{n}$,$(ΣS^2)_{n}$,$(ΣS^{-2})_{n}$,$(ΣS^3)_{n}$,$(ΣS^{-3})_{n}$,$(ΣS^4)_{n}$,$(ΣS^{-4})_{n}$,$(ΣS^5)_{n}$,$(ΣS^{-5})_{n}$,$(I_{1619}^{-1})_{n}$,$(I_{1619}^2)_{n}$,$(I_{1619}^{-2})_{n}$,$(I_{1619}^3)_{n}$,$(I_{1619}^{-3})_{n}$,$(I_{1619}^4)_{n}$,$(I_{1619}^{-4})_{n}$,$(I_{1619}^5)_{n}$,$(I_{1619}^{-5})_{n}$,$(S_{1619}^{-1})_{n}$,$(S_{1619}^2)_{n}$,$(S_{1619}^{-2})_{n}$,$(S_{1619}^3)_{n}$,$(S_{1619}^{-3})_{n}$,$(S_{1619}^4)_{n}$,$(S_{1619}^{-4})_{n}$,$(S_{1619}^5)_{n}$,$(S_{1619}^{-5})_{n}$,$(I_{1720}^{-1})_{n}$,$(I_{1720}^2)_{n}$,$(I_{1720}^{-2})_{n}$,$(I_{1720}^3)_{n}$,$(I_{1720}^{-3})_{n}$,$(I_{1720}^4)_{n}$,$(I_{1720}^{-4})_{n}$,$(I_{1720}^5)_{n}$,$(I_{1720}^{-5})_{n}$,$(S_{1720}^{-1})_{n}$,$(S_{1720}^2)_{n}$,$(S_{1720}^{-2})_{n}$,$(S_{1720}^3)_{n}$,$(S_{1720}^{-3})_{n}$,$(S_{1720}^4)_{n}$,$(S_{1720}^{-4})_{n}$,$(S_{1720}^5)_{n}$,$(S_{1720}^{-5})_{n}$,$(ln|ΣI|)_{n}$,$(ln|ΣS|)_{n}$,$(ln|I_{1619}|)_{n}$,$(ln|S_{1619}|)_{n}$,$(ln|I_{1720}|)_{n}$,$(ln|S_{1720}|)_{n}$
1,0.47022925944252003,0.6546157468090483,0.5036273928957673,0.04181010862559484,1.0,1.0,0.20768247354604735,0.3589905112587961,0.6845160741833343,0.0,0.0,0.5831430819273844,0.9106996283148678,0.06574130699824388,0.0,0.8190642953724443,0.02463248067642415,0.0,0.016069319167099673,0.0,0.0,0.3225220861264998,0.36910942672874003,0.23382827293745617,0.2800634276929106,0.16244588390665343,0.2068022149323956,0.1089600917386603,0.14963541045641812,0.07111523123139299,0.14489982587889472,0.5384464288135101,0.0812367941039311,0.4297593817672139,0.04210698444229388,0.3364006461187947,0.020557356900098574,0.2604069555597533,0.009612126325414107,0.18647742236334813,0.34797990309846744,0.09202331709371417,0.22753967592198393,0.040957320334380466,0.1443754207259628,0.017043432138526368,0.09030922384774477,0.006807474856479362,0.6262542166824961,0.007207182643894172,0.42408878027098984,0.0010095005978171926,0.2789064723077525,0.0001280368574713126,0.1824486707242054,1.5430269826179974e-05,0.11925832070404778,0.0,1.0,0.0,1.0,0.0,1.0,0.0,1.0,0.0,0.0,1.0,0.0,1.0,0.0,1.0,0.0,0.9999999999999999,0.0,0.5761038287399461,0.7647704664255404,0.6712243154850828,0.16258942248879849,1.0,1.0
2,0.8927511133102423,0.3762693315012999,0.5705305474710447,0.31272713919641193,0.6625352643006841,0.028330570663071743,0.7140465115538805,0.5328746702266466,0.22284167454002785,0.3033211141622297,0.19430518735518246,0.32621255601398164,0.16081347870357698,0.07863994636412097,0.07150678270366065,0.15300949272102776,0.1197533165417245,0.07534374676274812,0.22962469944564784,0.1355390027136601,0.26031039086825364,0.04831072623186772,0.8538858228184949,0.029647897712833188,0.8112361392851919,0.01725326017993939,0.7669255683600165,0.009596165460523179,0.7226642425265841,0.005143511733401536,0.3474262665687001,0.2556829179163472,0.23093464332265412,0.1639979799796686,0.14447875126100948,0.1009634819694359,0.08654451253811776,0.06051991205705142,0.050375031878833604,0.14898681889431353,0.41797213817322976,0.07004464079878014,0.2924186741494966,0.02954085555060329,0.19966733169886325,0.011591317973228899,0.13484074821169303,0.004346842456520433,0.13843770190063087,0.12708579273149131,0.03541782886262708,0.04745067682965861,0.007785079152212225,0.01733055217857186,0.001617738047913659,0.006298705418764467,0.0003295200072043054,0.0869245308769678,0.5093685052505678,0.032552424526373344,0.37797715243666496,0.010630365901975622,0.27632716243399325,0.0031856503519905746,0.20096385993788182,0.0009060167286808948,0.10287333689587824,0.0009860806953642968,0.011197991034791605,3.1454949593373336e-05,0.0011866952480383496,9.943783584049868e-07,0.00012564254372979963,3.140523259538506e-08,1.33021373175123e-05,0.9257852579090374,0.5152085342148376,0.7258510883395055,0.6125680529355807,0.808757839189225,0.39389697747908364
3,0.4486640277090549,0.3275028618993932,0.19286969200038306,0.20035360474633107,0.4278483086740044,0.14910938603468324,0.45200252622601783,0.7778672856895965,0.22912282069447465,0.29409649091275186,0.025395301130160846,0.7137626789511771,0.2337881390227552,0.17691392047470655,0.011491065575143343,0.08499097893375884,0.053522107024799453,0.006892778537180564,0.22067881908206582,0.018950253427401628,0.029840736107252554,0.34178285246078677,0.34825418078210113,0.2504644748352736,0.2609443252145167,0.17606741106903218,0.1900553625407852,0.11961650183634721,0.13550356880646922,0.07914671763794755,0.3974062800677106,0.2143389379132264,0.274361899162249,0.1317724026608013,0.17917047381089857,0.07743325451900897,0.11250580656549526,0.044152662908026254,0.06888266819273814,0.49322957775964066,0.09594540539702448,0.3376024356704159,0.043088437358538366,0.21836758574688064,0.01810751984706845,0.13692594945115139,0.007309324435940346,0.08459432439850557,0.22589425512574274,0.06197304357095251,0.07485653559467821,0.016953439519585996,0.02216132359161431,0.004458874984505655,0.0063399818513404016,0.0011593197911989271,0.0017969344452916749,0.19996229210126745,0.2601502123158662,0.09036856664599278,0.14737919831882867,0.03639709185155512,0.08067139438519162,0.013715715070114133,0.04352366614739867,0.004987223481057109,0.01872176390122357,0.02307917004923332,0.0004729393300375219,0.0035085998150684067,1.0614331525401097e-05,0.0005331521433780918,2.3423970765572662e-07,8.10147459194871e-05,5.156202552051591e-09,0.5550876441159444,0.46314985737291314,0.33767038737369015,0.48327004025855647,0.6268167025395274,0.6694876376387722
6,0.21074550552531757,0.07270534530187128,0.6924637909123588,0.13432932003436587,0.02102123072313583,0.016780569168286935,0.6029306836729051,0.10335276731180476,0.24447231532827557,1.0,0.17699371741007824,0.07028978198339197,0.20168426179288623,0.5316557776183497,0.07234468162229324,0.5177290119379465,0.9999999999999999,0.1369066403349186,0.48725373439928993,0.11593333448755284,0.10855782200010114,0.6127788745053019,0.1432283542305011,0.5164621837747947,0.09276120345583229,0.4246017468806385,0.057697515807484945,0.34240273084167183,0.03474872773544809,0.2723165192854561,0.803777194283669,0.038064653541389756,0.7227393985808749,0.018347836376323173,0.6393098536658309,0.008296428660373011,0.5598266524921576,0.003578680980558522,0.4875651186790401,0.0936198142297553,0.5598714933052106,0.04078707251947114,0.43886413817750647,0.01583006070213854,0.3387453743387401,0.005678776763347026,0.25977184236294065,0.001935188137485405,0.32027307913080305,0.033890068497626324,0.13223974413585565,0.007330088845729742,0.050269902004823536,0.0014967310691815815,0.018707700061286966,0.00029933793800615506,0.006929607139248579,0.8969523792613763,0.0069231971794632835,0.8336333158797639,0.0019729262626565075,0.7675923904943414,0.0005120610177996596,0.7043070060098697,0.00012521679441056526,0.6455444906952716,0.16380816153011385,0.0003915446306693431,0.027745981214545003,8.044319218120791e-06,0.004624361285637049,1.6205719729274756e-07,0.0007704425559775318,3.254228658978498e-09,0.00012835873126935705,0.29379621958027247,0.1258594252209413,0.8154316133347878,0.3801354060679887,0.05217564096739191,0.3143672619423181
8,0.19722084776513282,0.1473222115619109,0.06503830074370331,0.09567462393517857,0.3368936234210546,0.23503733522108675,0.4657033839633677,0.8454013730093819,0.31609101999500355,0.2381047364276419,0.010473096402143134,0.7567092748413808,0.3056105088810794,0.1315447491734798,0.0041168432847526705,0.13475746487335594,0.02273565407120931,0.00208319483465689,0.14761322419827091,0.006776751622467483,0.011128614014513975,0.6323533783716019,0.13295390629391515,0.5379844229840973,0.08536212887144441,0.44703389389373877,0.052606487400154306,0.36474171586048404,0.031374074022990875,0.29374797199731717,0.6502127487797557,0.08277824697640242,0.5333538160814518,0.04300853230918679,0.42434555455992556,0.02105116539063646,0.33101076293001896,0.009869715050238691,0.2552965796238846,0.7697633691014492,0.027177658486250325,0.6594173594968572,0.010088666853828483,0.5524418315922656,0.0034520279633232435,0.45788022741600526,0.0011190822560339692,0.3778599099993265,0.4086639799926146,0.020943515395719984,0.19993601580767822,0.003845981661074393,0.09192876360541613,0.000656692854522144,0.041675544128724394,0.00010878034862590825,0.018843473791527003,0.2689419546608053,0.1838542699830221,0.13425127482031202,0.0919351760902615,0.06058190294791969,0.043931982688952605,0.025869629055580826,0.02055944049423743,0.01074867294237058,0.010764378926314478,0.05644078765840869,0.0001868386133223001,0.013412512224890384,2.749044801239147e-06,0.003186753092806676,3.908487732819533e-08,0.000757156301134551,5.51333951153598e-10,0.27701781341253806,0.23867377160964587,0.1332980834047227,0.3036616144574992,0.5380744214297724,0.7478959029131481
9,0.13264885370278745,0.0,0.0,0.040852125649969734,0.29052815429549544,0.23036634073104964,0.6629062807060346,1.0,0.46684588234496166,0.24600533812084496,0.009703228096282957,0.6816343840299279,0.34710680705240116,0.0628547123704814,0.0025066994440633853,0.19792691119423206,0.0029716415653479877,0.0013867671092308211,0.09877887740620511,0.004341186801839014,0.009670796134388818,0.7342530429944968,0.08594667049992641,0.6550480097984118,0.05290934231338036,0.5745713243545338,0.031190983248194998,0.49755530974203593,0.017753993468684018,0.42704561142913466,0.9999999999999999,0.0,0.9999999999999999,0.0,1.0,0.0,1.0000000000000002,0.0,1.0,1.0,0.0,0.9999999999999999,0.0,1.0,0.0,1.0,0.0,1.0,0.6318959532345952,0.007008243765979857,0.4309884719823293,0.0009764154466709914,0.2856641606131898,0.0001231232883762957,0.18835907396527624,1.4745916393369086e-05,0.12410624138554281,0.31338416025416826,0.14932301031159168,0.16597720125906645,0.06968300886921341,0.08017825135717913,0.030872514066913593,0.03689337737538314,0.01333847346046247,0.016591191375369352,0.011046551577382373,0.05425024780346521,0.00019483257912661218,0.012639452320458594,2.9194684420978232e-06,0.002944236416788614,4.23145898031294e-08,0.0006858290437751527,6.08716963430892e-10,0.1933881159383608,0.0,0.0,0.15954282070232945,0.48718569047712623,0.7444247483433823
10,0.136730991258453,0.7355268396540995,0.8914047172679228,0.22443967832743217,0.12140513520165758,0.0,0.0,0.0,0.12074765437170905,0.5379282040233528,1.0,0.35009798538234665,0.3505839036177221,1.0000000000000002,1.0000000000000002,0.40835623693297,0.8328482348874354,1.0,0.49582095684556154,0.9999999999999998,1.0,0.7273624411592005,0.0888181597218318,0.6468662593038236,0.05482406854395415,0.5653622655061298,0.03241083943399688,0.4876518551511348,0.018502678933989686,0.4167856198525056,0.10352730949798272,0.6355768880422058,0.05584091909079565,0.5369723754154136,0.027773260659861583,0.4472730456449806,0.012977885394242446,0.36964414885930486,0.005793651951496651,0.02755246112500559,0.831133375616493,0.010870329232489387,0.7673131434700581,0.0038003199925983177,0.7051866925252738,0.001221644474078987,0.6469675668590383,0.00037116053805687406,0.20169267697018056,0.0740925412279847,0.0626205213192442,0.021839962145615854,0.017204163463096223,0.0062192709744099016,0.004545574323775192,0.0017544121200316783,0.0011874358040817505,0.5749375238673868,0.04833282387210607,0.4075201407932459,0.01688102013731457,0.2754876037905327,0.0054411769281832775,0.18237212105327008,0.0016730390703777825,0.11979336602400498,1.0,0.0,1.0,0.0,1.0,0.0,1.0000000000000002,0.0,1.0000000000000002,0.19885724224839862,0.8257762025930022,0.9403398187893252,0.5149010113141618,0.25284476024797087,0.0
11,0.2439386442355269,0.1350040536094717,0.03942053968625314,0.05915411643033437,0.329513989606864,0.25039976208233844,0.5297832542170642,0.9984170269076096,0.45484993268057644,0.2759334716052179,0.010272028682745672,0.8110994903461302,0.3945688050187977,0.12873922136733928,0.0035430022036871045,0.19044704349922525,0.011772307844196694,0.0015358993392890138,0.10923608616020153,0.004692020612422179,0.009456794003702734,0.5670380290221911,0.16907406785045306,0.46738266880682566,0.11184001056307395,0.3746766612362446,0.0711548452512464,0.2938758527100149,0.0438940262280601,0.22687244923879232,0.6729669274998072,0.07500238343055134,0.559886392472355,0.03849686496773139,0.45278252058294466,0.018599559075568792,0.35955459754475944,0.008600962520009948,0.28258346098135184,0.8500121092136093,0.01584395830163636,0.7706329889853852,0.005646325264679963,0.6889954167334061,0.0018513124106958423,0.6120156202084458,0.0005740479547250348,0.5422626669871901,0.5376550379098515,0.011083089061350047,0.32294626380090374,0.0017041992341380204,0.18630089259749585,0.00023939319512142947,0.10661957382379962,3.2194888206109936e-05,0.060941363937976264,0.27552248984965655,0.17816110403331156,0.13877823475155643,0.08813714960564835,0.06327490819626297,0.04162577245961115,0.02732778679987748,0.019240878381052807,0.011492090152921531,0.009909608475431934,0.06395096184035033,0.0001635882708805457,0.016176188942335773,2.2729907602166986e-06,0.004091063786526132,3.0417726490960916e-08,0.0010346544500640807,4.033521016800067e-10,0.3339753503305415,0.2210177141287648,0.08384066549611702,0.2139222189661144,0.5302598853055656,0.758850666120152
12,0.36706251030842807,0.3313443789073585,0.31959915814430906,0.0,0.8581851221544172,0.3766371841842618,0.387130671948061,0.4882479049477536,1.0,0.01171753008269899,0.006572524989574521,0.519166203042644,0.9999999999999999,0.0,0.002764955861292928,0.9999999999999998,0.0,0.0023492853749278145,0.0,0.000966785041163893,0.01582412962956371,0.42150705953530443,0.27275645579039554,0.322528383282102,0.19470221705553686,0.23784202885945455,0.13450059343527593,0.17023266744338328,0.09059993252299456,0.119117383283775,0.3932493020990925,0.21750708438926886,0.2706520591794121,0.1341738861138048,0.1761274560580928,0.07913802314409754,0.11016823296504749,0.045305187227366185,0.06717255479040098,0.33116089982838376,0.18420639871966565,0.19325410065362947,0.09775676425042881,0.10402704686709023,0.04935445934804497,0.05334767074524132,0.02424870452015701,0.026650796617291795,1.0,0.0,0.9999999999999999,0.0,1.0,0.0,1.0000000000000002,0.0,1.0000000000000002,0.029960329962157944,0.774811263161205,0.010050698807157324,0.6904063925120003,0.0029192169721464897,0.6121110760221653,0.0007726922673163188,0.5418432701134278,0.0001928137736951072,0.005503094627613632,0.14342026583136852,6.675748569578033e-05,0.054319903807019856,6.50642626959639e-07,0.020572119122990486,5.948902006264629e-09,0.007791100226668122,5.3202685987227434e-11,0.4719309280851186,0.46736427307353745,0.4936929969319609,0.0,0.9269498853317297,0.8296801716233637
13,0.46128154379020303,0.5425550643028665,0.18322796400021008,0.20174100564435948,0.41557075902604773,0.1365795358331144,0.2727402839474303,0.8122827405900104,0.23103455401480189,0.3134131554036698,0.028435364912487583,1.0,0.312400085589036,0.30882355055873484,0.01707894280492494,0.07853856805268566,0.05334676277400746,0.007518656686872757,0.22708843493993758,0.020876155231425733,0.03272545960921391,0.33042912982495565,0.3604104667370278,0.24062142385048252,0.2720465796693821,0.16797823259512124,0.19974320757365222,0.11326487701138445,0.1436475225884483,0.07434211618659187,0.2130868265558713,0.41503306766333997,0.12693075748949634,0.3047226442281135,0.07027670941656561,0.21765486486395066,0.03683574831825613,0.15291161149232171,0.01857879817702407,0.5090178384977895,0.09004906236829435,0.3534127888025107,0.03989509034173118,0.23238875909488638,0.016518250365608205,0.14835250148268556,0.006562217380443488,0.09339021683968642,0.22438744050591808,0.0626439474587629,0.07406517209261951,0.01721325727273363,0.02182847832534413,0.0045487267082530165,0.006214968087969277,0.0011884606289204998,0.0017529001244464006,0.2081385175173283,0.24918963818280934,0.09522945468914841,0.13891771200440453,0.03889611413277864,0.07472568879350307,0.014885128373416004,0.03958972761582428,0.00550249169965833,0.020698504560024162,0.01943988215538954,0.0005635176049889227,0.0027126994365841025,1.3739476436490827e-05,0.0003783351703684426,3.301430707435634e-07,5.276501552301983e-05,7.91699265207718e-09,0.5674300546571215,0.6726244041980056,0.3242095056387435,0.4851648342485353,0.6155814160793764,0.6544446666162527
17,0.8360959920831271,0.8726235043524813,0.563500054911791,0.5443938718598893,0.6165914831087527,0.1132804283127258,0.2670088937597693,0.5092105002794645,0.09311649786495692,0.3147894155818733,0.04751434720716992,0.6766882462474408,0.1597862318976672,0.3148307457213884,0.028994777252888917,0.027303118691622358,0.13295445693531982,0.018649988819397084,0.4161113114014005,0.057846711238447715,0.05828299051981448,0.0764991696954751,0.7804691456242774,0.04782223438048527,0.7210426880665244,0.028362152870894913,0.6610483532397768,0.01608445464013706,0.6029175323180529,0.00879460730575088,0.04478162427804644,0.8155126494115728,0.022802774094013087,0.7542404477566296,0.0106792817148256,0.6931968750393662,0.00468707561875426,0.634993012412202,0.0019604415809373324,0.15265430087284204,0.41035494749868573,0.07211744985811169,0.2851101813596878,0.030578323119033045,0.19322360239299882,0.012068480390446338,0.12947452127325504,0.004554133344860418,0.05766167525083234,0.3301626682737447,0.010729135893225352,0.1924897509594297,0.0016369715812727707,0.11135929379742225,0.00022799063009102302,0.06434557313497652,3.038113337209123e-05,0.1041191836129495,0.45463944994005345,0.04021811537134587,0.3215888374538689,0.013586261834140835,0.22343494123067695,0.004223318539883089,0.15423879077906769,0.0012490871881880297,0.025503371613426983,0.013501888918915317,0.0008160539430870133,0.001570772567354166,2.375479025721138e-05,0.00018259877895988722,6.841729668398314e-07,2.122622185891145e-05,1.9681006528776118e-08,0.884577565739478,0.9203759752097449,0.7203110650515432,0.7902337318163143,0.7772428025654388,0.6224977318809081
18,0.5769008741547089,0.07427209170742516,0.3465212450784484,0.39109236307558115,0.4454367108920058,0.09556705839884325,1.0000000000000002,0.6058323647668922,0.11449121047717788,0.34560043682673575,0.04668733453353654,0.24798474086700223,0.05585522847607227,0.02636633979263847,0.012277247751015,0.026080928385008695,0.11474354045923513,0.016220636276373816,0.3907948280174339,0.05128146142264311,0.0541213578544907,0.23658517191935158,0.4778217748057738,0.16327118499675725,0.385150493388914,0.10749914482280189,0.3039162669207336,0.06805233931314045,0.2361447549202979,0.041757840642405106,0.8001224671673092,0.03894470842728755,0.7179506475842533,0.018802188049487106,0.6335427085809177,0.008516106107245177,0.5533222041870385,0.0036798335898778575,0.4805786400859251,0.30487543231435216,0.20553189460772225,0.1729252368745249,0.11271829174704379,0.0901019929452898,0.059001444939773655,0.04458130544829065,0.030124842641886695,0.021437326206375413,0.1022010274964988,0.18540353700745277,0.02294828327294409,0.08230232364394598,0.004339214861208563,0.035980610921203214,0.0007650699302510777,0.015683544151029127,0.00013111547451946266,0.18876732721174452,0.276211816905698,0.08386155439406869,0.16006317898760586,0.033126362464697384,0.08978894018810277,0.01221926117005911,0.04969501511370503,0.0043425172899847885,0.03067081310855785,0.009709100264566338,0.0011388345213894716,0.0009582831796306567,3.896102521186863e-05,9.448157852075526e-05,1.3223750172108338e-06,9.315037852404359e-06,4.484773794111995e-08,0.6748066259979607,0.1283830467682079,0.522714218771186,0.6823054028546679,0.6425518297047658,0.5936031507809157
19,0.9941448127989442,0.9560674110100644,0.8424541378066722,0.6130855346041171,0.7626822827714017,0.08774306398709546,0.2924633523978994,0.3668128876944492,0.09142326405403951,0.27399064633422826,0.06886953278772881,0.4923977344897285,0.14998803655143658,0.2593278513399507,0.040550370858460104,0.06695706604573715,0.17134562433027833,0.033131920700342606,0.39155719569924163,0.08278676793347936,0.09343807698692491,0.0024825478953851565,0.9917820008380187,0.001477337748856361,0.989066204339135,0.0008333769931219842,0.9861011817732397,0.00044916435076703537,0.9829794640148897,0.00023321554130891972,0.01454355244603861,0.9344861026226189,0.007179609838583512,0.910198359948821,0.003257882225148327,0.8847133732691786,0.0013845662715521404,0.859037132377942,0.0005604324140868538,0.041680161836080365,0.7598164342996525,0.01681078827903555,0.6752867322828173,0.006012667942688342,0.5960502761993768,0.0019788683236448444,0.5247003316184772,0.0006159982632716491,0.04410697394880961,0.40819779124607575,0.007690616836243092,0.2635489310180605,0.0010909900401934575,0.16919447123485457,0.00014030351881130863,0.10853040598425472,1.7162004700783968e-05,0.054960747963408524,0.6386882037870147,0.019378809132751314,0.5225140365369473,0.0059310013923011525,0.4235009722666578,0.0016583968652035604,0.34219896215914597,0.00043823485435226083,0.0335931122462541,0.008232298351781516,0.0013448569597148139,0.0007484049777983187,4.989695591564819e-05,6.795326348066982e-05,1.8386656192576888e-06,6.169697443671899e-06,6.771153444448053e-08,0.996068439502582,0.9733431022483625,0.9116505897244237,0.8302034196334006,0.8721742575367046,0.5791496630923026
20,0.9800428830611908,0.8716515510924425,0.9047804835028116,0.6600820303264257,0.7578839630440304,0.07986931213421494,0.3315265067063929,0.32473665464178414,0.07730428271740265,0.2718932027486843,0.07516751467001198,0.4113569187087183,0.12432028042429408,0.23028100276507352,0.041858821526921636,0.06382511188004675,0.19157860977823743,0.03858863226452279,0.4235041548605066,0.0969988239648022,0.1028416536279323,0.008531349013923717,0.9721035941480984,0.005097861905918044,0.9630356815321963,0.0028876358464321183,0.9532023912655531,0.0015627995957901847,0.9429234778149228,0.0008148112897769198,0.04515594637632492,0.8141690057869623,0.023002063525180513,0.7525332105997647,0.01077680180898239,0.6911653868496068,0.0047317660602791654,0.6326908670205704,0.001979946007091511,0.02389126424597593,0.8511398168501695,0.009371408490061503,0.7938132159655047,0.0032568691053088874,0.7374421254564143,0.001040585302538948,0.6840512699727574,0.00031418280549613787,0.03628514315676874,0.46628283164013856,0.006081638573211721,0.3210622631942637,0.0008258365475816013,0.22006624853491064,0.00010126901410250068,0.15074456626929036,1.1770960932035692e-05,0.05634438591545041,0.6321787173813567,0.01992007830158156,0.5148777183918416,0.006114099502632519,0.4153473104155187,0.0017147717708079883,0.33400154934041837,0.0004545782848558597,0.03708870738257849,0.006868881003901783,0.0016135816811052171,0.0005706273268160571,6.545286413145081e-05,4.7334033118932196e-05,2.639661093180061e-06,3.926162536287519e-06,1.0640430654817705e-07,0.9865444552668755,0.9197398494852109,0.947974739547218,0.8553246184258424,0.869284817428249,0.5632926105437084
21,0.0,0.10380099176169516,0.5446683558710739,0.08989986228555615,0.0,0.031235944816531983,0.32881612357016005,0.06404490234088672,0.2377216711937858,0.7937457092251101,0.0774434797421398,0.15012390667959397,0.2913711155295206,0.6553814656706289,0.04330699389424118,0.5705928891148391,0.9175168242721828,0.06672074577550789,0.4148128419975485,0.052703920482443004,0.05236938501110589,1.0,0.0,1.0,0.0,0.9999999999999998,0.0,1.0,0.0,0.9999999999999999,0.7349534778986756,0.05600313534225111,0.6348649232840591,0.02786163233798908,0.5361598081824435,0.013022971478788128,0.4464045437066794,0.005815558296742809,0.36876009186067366,0.16277762260216477,0.3902549690984892,0.07792593201725218,0.2661107455650512,0.033529813063358734,0.1767200517072476,0.013446678117674414,0.11593349871504106,0.005162015135593271,0.4253450472689191,0.01923099186516874,0.21422548472406983,0.003439230060659569,0.10173265702292507,0.0005704126591171386,0.04768271798274813,9.16150630640318e-05,0.0222957050777729,1.0,0.0,0.9999999999999998,0.0,1.0,0.0,1.0,0.0,1.0,0.09395090086994759,0.0011773531420810675,0.009394079808066948,4.093666431777751e-05,0.0009120759790408381,1.412450504440061e-06,8.845677790889455e-05,4.869796850064186e-08,8.57856488557396e-06,0.0,0.17464156546126297,0.7052473033137381,0.29080016209862714,0.0,0.4092864022834231
22,0.9416130628401781,0.8179264454404351,0.8295102956846162,0.6292230506247605,0.7482772416522747,0.07424672839895444,0.3454038888280438,0.3530905863615429,0.0810130900738988,0.26388156578366956,0.07902889903547178,0.4273864418129368,0.12467929240714176,0.21489866013213127,0.04319087881550972,0.05858000610761285,0.17245389963731217,0.038818268493204966,0.40833436667446443,0.09971956807738845,0.10995496654301071,0.025532685453893533,0.919296521197529,0.015433124451492503,0.8942475311377298,0.00884367794634866,0.8675862858165809,0.004842349955821432,0.8402628359601347,0.002554523933636815,0.06672334447990158,0.7414084508418946,0.0347277143167883,0.6619503793713553,0.016636932756818275,0.5855404255812092,0.007474909195067197,0.5153780960089225,0.0032030057638618506,0.0456200611515834,0.7414571432470934,0.018511770364088617,0.6522259073525158,0.006663008124287667,0.5694324521169382,0.0022073546505033317,0.49568050224185595,0.0006918218696081094,0.04130408924359116,0.42771273007044275,0.0071019029378655086,0.2824491232727301,0.0009919588807460419,0.18554126811661417,0.00012542681023906764,0.12179016027457785,1.5066067756294922e-05,0.0591553653293064,0.6192408690866567,0.02102779063974161,0.4998105629700709,0.006491566230295,0.3993762231681717,0.00183184682284587,0.3180612772432746,0.0004887689915258479,0.04001901640675402,0.005970654039578386,0.0018575542894930521,0.0004626035982082628,8.074441857513714e-05,3.578139347440003e-05,3.4919585433817123e-06,2.767409276163091e-06,1.5095745726454354e-07,0.9601864622731485,0.8838431118049357,0.9038593291447654,0.8390168075907302,0.8634574419865042,0.5510223145065933
23,0.6825004123371267,0.8103058140683759,0.9948661708890522,0.721733592740677,0.6525823061137435,0.04535442846141208,0.22926972229308867,0.1705839014367202,0.033605086246468754,0.2249855542017553,0.10802076864669996,0.3361884267692204,0.10166591967883393,0.26468620737223975,0.07023063283182202,0.06182916627491322,0.264612473464603,0.07274178733003661,0.5232561716990729,0.18069227681904623,0.16321748104774184,0.16428074236138113,0.5945404957737438,0.10855115960460182,0.5075038331592462,0.06822339508691243,0.426521815899172,0.04110464159107459,0.3545604669256898,0.023937181777584984,0.06992879541757335,0.7313279410292515,0.03651123789932538,0.6496944476687538,0.017549029429215893,0.571585674113904,0.00791174157732704,0.5002460682880133,0.003402251036880545,0.0011987097117554524,0.9916861421676925,0.0004532604494188394,0.9880769901725556,0.0001517762257273944,0.9842875510256414,4.6701877779890995e-05,0.9804420945617208,1.3573299130724545e-05,0.027416673092402408,0.5482662828215322,0.004385210578040802,0.4084176457330577,0.0005658184830060013,0.3032298014780556,6.566069249631058e-05,0.22503360281370832,7.195363455944509e-06,0.09049754489249043,0.497266965098418,0.03411199759321444,0.365253477561671,0.011219020016218401,0.26415074366365676,0.0033878822867082527,0.18999186197627835,0.0009714349029266927,0.06574655733995186,0.0023455788547072426,0.0047319684560080495,0.0001143728919328739,0.00032662008670101026,5.554055256814326e-06,2.2496813433037104e-05,2.696337707894979e-07,1.549366481767193e-06,0.7648912054316889,0.8786307211895279,0.9972934669466538,0.8859591859309609,0.8020705597563962,0.4693280970134679
24,0.578179119247897,0.2207902570228631,0.9999999999999997,0.7101694581648578,0.5604881972054914,0.04871110973141556,0.6992175049120197,0.13089362025182616,0.025157876018593248,0.24468560290604852,0.09298190795752029,0.06077927250816245,0.02603656627613997,0.05131073406641529,0.033977177158197494,0.066356073395162,0.31699565245417477,0.06818376593376564,0.5803511345686131,0.16649747951961216,0.1348392469733564,0.2356402521548545,0.4791804851986553,0.16252869861086366,0.3865195418852415,0.10694609885675536,0.3052342579324875,0.06765875693673688,0.2373671008168806,0.04148800574681992,0.5312795816718473,0.13239341754811057,0.4033298273721266,0.07383711700743255,0.29355780076070354,0.039009002087730005,0.20767983199766032,0.01984214808880131,0.14442413622951322,5.551115123125783e-17,0.9999999999999994,2.7755575615628914e-17,0.9999999999999994,8.673617379884035e-18,0.9999999999999992,2.6020852139652106e-18,0.9999999999999989,7.589415207398531e-19,0.028974559282496676,0.5323881560814206,0.0046733777106464066,0.3909577220948611,0.000608506906005387,0.2860846524921748,7.130787242333298e-05,0.20924422610737395,7.895976048088157e-06,0.1278271013874346,0.3917302861203662,0.05145184949809321,0.26056655218495356,0.01819098801890417,0.16953808802898582,0.00594195438773852,0.10939911201220202,0.0018532974036035578,0.06129159906497104,0.0026815931228809857,0.004140100550942207,0.00013969337174622468,0.000267426788687434,7.250730988068844e-06,1.7232606048318305e-05,3.762583213200668e-07,1.1103054524548246e-06,0.6759399405790082,0.3372044963942509,0.9999999999999998,0.8803969149033181,0.7363530905879946,0.48101812127140814
25,0.4741876958601353,0.0895714051336986,0.9999999999999999,0.6355142261590947,0.4769430412731667,0.0298413049611791,0.8519633460035603,0.09334246197466889,0.027376377631738433,0.2622363330206737,0.13632272740898216,0.0,0.016444550093536084,0.021003653768392194,0.044064444369118314,0.09216866266635415,0.37438443522744014,0.1082284111578617,0.5881130161930133,0.23699291863806043,0.19390062971960184,0.3190614750767663,0.37297855219179843,0.23087113865564085,0.28364836430304274,0.1600505347294212,0.20997581492350742,0.10710626708720301,0.15234193084427713,0.06973307579499359,0.7655036943880881,0.0476710469816433,0.6732708176756889,0.023377183807893206,0.5805385584877147,0.010762508198492119,0.49443154703787495,0.004730366730443225,0.41826137436504324,0.0,0.9999999999999999,0.0,1.0,0.0,1.0,0.0,1.0,0.0,0.04024569634359082,0.435442461837837,0.006883129468812394,0.29005499792151074,0.0009557433788442626,0.1922244752632949,0.00012007321686197844,0.12729748459375362,1.4323875827986897e-05,0.17010656649074926,0.3060428187932218,0.07339675560779688,0.18449140755035134,0.028050772396754377,0.10799943869947669,0.009978229881033779,0.062479445974715844,0.0034106823180525205,0.0980389394161143,0.001083445511718925,0.010200955629682863,3.617775992673754e-05,0.0010319336155971352,1.1980495942891528e-06,0.00010428522338911585,3.964108517180661e-08,1.0538507353201482e-05,0.579920493334445,0.15265337215992192,0.9999999999999999,0.8423983862133729,0.6697402675442081,0.40206740659726303
26,0.4729506844796304,0.09825139158239121,0.3322995862166155,0.3937131875411597,0.3081589659497079,0.06711513658654565,0.8311978910383504,0.5500678345785807,0.09578896271253427,0.4539880847145949,0.061690032055425996,0.2821489947074292,0.060483180682548265,0.11942565141561562,0.01944499510590265,0.020433418604361514,0.17923567012678138,0.023115307430564183,0.5051552258911179,0.07293587681100736,0.06193093847802104,0.3201404730992231,0.3717680839872354,0.23179211249366594,0.28252553883918224,0.16079570087172584,0.20898070099651372,0.10768231766779003,0.15149231732635254,0.0701620746979098,0.7466871925856456,0.05272883447654071,0.6495024007530834,0.026086012959371074,0.5529428764500168,0.01212120264667425,0.4644260270178201,0.005379402221736907,0.38718948639951434,0.31848323355821545,0.19415418994064337,0.18334193449186,0.10465711676504427,0.09716372849033117,0.05375296093613674,0.04898061659997692,0.026897039388412043,0.024026108664383303,0.10119681316031058,0.18753722691240984,0.022635020874954434,0.08369347722404916,0.004260954738202331,0.03679057947736758,0.0007476108206749098,0.016125806023307817,0.00012746270799416805,0.295582121433815,0.1621067158093541,0.15294398406676857,0.07769905621518988,0.07192637737748266,0.03544797118879266,0.03213757016677518,0.015797727673368688,0.014010175874257706,0.04440845977714461,0.004921709267584892,0.0022549274844696726,0.00034641581532685224,0.00010783568970045465,2.433271100162055e-05,5.134995762050009e-06,1.708995046957259e-06,2.4444861405078624e-07,0.5787291330647807,0.16613127342765077,0.5075368620876609,0.684431402368321,0.5070516357272572,0.5341121157037991
27,0.7261256803562591,0.5771564030008633,0.5213482373186087,0.44232460359993175,0.6138748989375464,0.11402041325686076,0.400399801560364,0.48997359508651983,0.11549196082902365,0.2700414484503721,0.043549841043208415,0.5082962198441634,0.14473002586651149,0.1870951507466469,0.021783667137026085,0.055930947617330584,0.11921305212292033,0.017507282667799606,0.341768513540282,0.047843443338100373,0.05761723023682592,0.1374677588799238,0.6454018366022626,0.08933786375977648,0.5637185511187751,0.05517157334910787,0.48588911647843763,0.032632846710704974,0.4149645040846812,0.01863931383635254,0.19047972465967944,0.45176269787820794,0.11125167892273004,0.34056131061915423,0.06028113375105787,0.25040690741273985,0.03086750734025646,0.18141939791408493,0.015184707449344656,0.17595475082845646,0.3659763136525794,0.08567776965973031,0.2437251720984085,0.03756848223150707,0.15775237782447363,0.015380311551352855,0.10075223285417481,0.00603651163760794,0.08440138748030611,0.22926430828374653,0.017653941124767116,0.1124008378366273,0.003076955305394806,0.05444128676519886,0.0004960904956587723,0.0263115405520453,7.73144249008653e-05,0.10519451154708911,0.4514939639607424,0.040710975036358565,0.31843940996616404,0.013781599007684824,0.22056477935822194,0.0042937841860204995,0.15177595122601448,0.0012730217195966718,0.0253214379805991,0.013673898773970083,0.0008056563325560492,0.001600860423129719,2.3307631683211593e-05,0.00018727702323460325,6.670789815231849e-07,2.1908163626502675e-05,1.9068377134426038e-08,0.8001583974988346,0.7021192502427889,0.6861224732927445,0.7218616534954297,0.7753261642877696,0.6236071266554936
28,0.9182747814613225,0.7344500463093437,0.998977363273663,0.7261847221117622,0.6520354714344239,0.03945995666004665,0.38742896120275466,0.2541696655068193,0.05609693151558161,0.32153184517061933,0.14490162244572943,0.29914071045570206,0.09089192983843253,0.23317985284762782,0.0753976214181813,0.061252332185186914,0.2662538688349705,0.08333833146389444,0.5267725274512023,0.20690370521521687,0.18719562730617167,0.03624403262128362,0.8878121460236974,0.02206513986225811,0.8539843984288374,0.01273621929224461,0.8183903947927832,0.007025229275578977,0.7823539437567477,0.0037338159990742987,0.10404150859853523,0.6342400719634258,0.0561457574113937,0.5354469814934665,0.027939364189605922,0.4456429876298141,0.013062646938682431,0.3679852415525759,0.005834844330032092,0.00023802388425242516,0.9983412975343732,8.986007878873659e-05,0.997617476594335,3.0042400607135228e-05,0.9968552944297193,9.229466537770143e-06,0.996079488377712,2.6781722618586306e-06,0.026828958790421784,0.5544394749749485,0.004277588374484717,0.4152741030092002,0.0005500355431751953,0.3100302734113566,6.359377461971332e-05,0.23135912791055108,6.9415136742306875e-06,0.0906961903788159,0.4966060165524479,0.03419921696539986,0.3645626682768852,0.011252135120206244,0.2634935713812211,0.003399326075857758,0.18940321502211244,0.000975158547008878,0.0752600235015589,0.0018096910787103022,0.006127891952011811,7.766082210408206e-05,0.00048096436018999904,3.315366292744919e-06,3.768721629328058e-05,1.4147626123396989e-07,2.952869904665055e-06,0.9438822855515804,0.8249914561288803,0.9994617217251555,0.8880787630702894,0.8017009651151991,0.4467019963367448
29,0.7177140029688273,0.20690477536642754,0.9999999999999997,1.0,0.41701123008906843,0.014769653396882909,0.8449791081712479,0.18127947259516486,0.0,0.4545582969244208,0.3056904909109695,0.05434765493680582,0.0,0.11545076044421893,0.10133384631209486,0.0,0.42468386875199826,0.20011023570323266,0.9999999999999998,0.6578856028199885,0.33304001823396395,0.1425121494413627,0.6354746888001029,0.09290793334454756,0.5526128311750726,0.05756668082970899,0.4740185401453178,0.03416808640681611,0.4027412701295647,0.019587331888088547,0.5517884740568048,0.12259104441522865,0.42471406365826986,0.06747667464378145,0.31405200656433774,0.03514382970964401,0.22607458226123728,0.0176051625595656,0.16014836887206532,5.551115123125783e-17,0.9999999999999994,2.7755575615628914e-17,0.9999999999999994,8.673617379884035e-18,0.9999999999999992,2.6020852139652106e-18,0.9999999999999989,7.589415207398531e-19,0.0,1.0000000000000002,0.0,1.0,0.0,0.9999999999999999,0.0,1.0,0.0,0.2071631660847861,0.25046490019230316,0.09464478228284783,0.1398939897369128,0.0385930439944153,0.07540595370252125,0.014742138783696533,0.040036038533936,0.005438970242773622,0.18235514848121773,0.000315120909955018,0.03424708575846072,5.8567176458400175e-06,0.006340714569660808,1.0634385529234345e-07,0.0011736022949267058,1.9227978965754323e-09,0.0002172207178093288,0.7934411552601727,0.31940770423808074,0.9999999999999998,1.0,0.6169106182438739,0.29591064008219736
30,0.6051459673428995,0.13481249055017036,0.9999999999999997,0.7513078084539396,0.33982611251774747,0.017157282555151813,0.8854072116416374,0.14063131157349984,0.021202629985961022,0.4926940942313442,0.24827062501859332,0.02095522266431188,0.010658074547735846,0.12133020197867744,0.07938865982401261,0.0541161147851327,0.5050552097549397,0.17655352443560798,0.8680083956635698,0.4468834363228538,0.2565333139173303,0.216126654460277,0.5081540719310625,0.1473576158404456,0.4160294935068294,0.09576485878316247,0.3339520736753624,0.059785035646493304,0.26429096271773167,0.03614638382350887,0.6733280654311783,0.07488269013400932,0.560311787600659,0.03842812664662121,0.4532430771148138,0.01856258999185929,0.36002156224739273,0.0085820270348993,0.28303436400236726,5.551115123125783e-17,0.9999999999999994,2.7755575615628914e-17,0.9999999999999994,8.673617379884035e-18,0.9999999999999992,2.6020852139652106e-18,0.9999999999999989,7.589415207398531e-19,0.023629948183379754,0.5899239869964095,0.0037022488426977753,0.4554150985706553,0.0004671619427661316,0.3505829747272203,5.2932956216648296e-05,0.26978314147146826,5.65529096606301e-06,0.2663743419110045,0.18613731355971355,0.13250102341091852,0.09347216897834928,0.059550208221727,0.044873787755023826,0.02531610883288434,0.02110282309477866,0.010469050956631521,0.16073811375258612,0.0004067548681421646,0.02673578867700692,8.506465416490559e-06,0.004374222160296674,1.7453929299723256e-07,0.0007153841250113845,3.570295805539562e-09,0.00011699686275486781,0.6995949003682492,0.22074032465440707,0.9999999999999998,0.8998266238996094,0.541151515549657,0.3176188145015825
31,1.0,1.0,0.7791914354110135,0.6704750180855181,0.7548281237210308,0.09381242429537574,0.2733025539172143,0.4107997649480971,0.07686764184119509,0.2811201904022987,0.06451118148788546,0.5609171670138624,0.13958345279521292,0.2800948959925576,0.03908082180156887,0.035366613945167574,0.15513686497804313,0.02908838710201063,0.43157534171216744,0.08407319866189808,0.08608072038122996,0.0,1.0,0.0,0.9999999999999998,0.0,1.0,0.0,0.9999999999999999,0.0,0.0,0.9999999999999999,0.0,1.0,0.0,1.0,0.0,1.0,0.0,0.061831632669082814,0.67206786098099,0.025714233380707135,0.5674738460516321,0.0094972259950177,0.47429381453702707,0.0032323790680576087,0.3947881775458621,0.0010420328291606798,0.03468786593913577,0.4796431557767864,0.005766067811795709,0.3348169251286747,0.0007759056279385776,0.23271180929108076,9.421400435008387e-05,0.16164767799574964,1.0836093845958361e-05,0.057232592719174885,0.6280495531749194,0.020268920741028575,0.5100529881260872,0.006232573701234448,0.4102161591977402,0.0017513943675905952,0.32886334331564815,0.0004652376027910682,0.03128524116868779,0.009367329393594174,0.0011807432026537286,0.0009081874011103438,4.111209527016881e-05,8.795431562062636e-05,1.4205202038389555e-06,8.517697099919066e-06,4.9045968993807774e-08,1.0,1.0,0.8727008333301385,0.8606639681967266,0.8674373345206194,0.5904637850741382
