wavenumber,absorbance
3998.26399,2e-05
3997.29962,2e-05
3996.33525,2e-05
3995.37089,-0.0
3994.40652,1e-05
3993.44215,0.00019
3992.47779,0.00048
3991.51342,0.00056
3990.54905,0.00032
3989.58469,0.00016
3988.62032,0.00037
3987.65595,0.00068
3986.69159,0.00079
3985.72722,0.00081
3984.76285,0.00085
3983.79849,0.00083
3982.83412,0.00073
3981.86975,0.00067
3980.90539,0.00072
3979.94102,0.00083
3978.97665,0.00094
3978.01229,0.00102
3977.04792,0.00107
3976.08355,0.00111
3975.11919,0.00115
3974.15482,0.00117
3973.19045,0.00117
3972.22609,0.00123
3971.26172,0.00136
3970.29735,0.00146
3969.33299,0.00143
3968.36862,0.00129
3967.40425,0.00123
3966.43989,0.00132
3965.47552,0.00148
3964.51115,0.00164
3963.54679,0.00174
3962.58242,0.00169
3961.61805,0.00152
3960.65369,0.00145
3959.68932,0.00158
3958.72495,0.00178
3957.76059,0.00193
3956.79622,0.00194
3955.83185,0.00183
3954.86749,0.00171
3953.90312,0.00164
3952.93875,0.00164
3951.97439,0.00174
3951.01002,0.0019
3950.04565,0.00198
3949.08129,0.00197
3948.11692,0.00193
3947.15255,0.00187
3946.18819,0.00189
3945.22382,0.00209
3944.25945,0.00232
3943.29509,0.00224
3942.33072,0.00191
3941.36635,0.00177
3940.40199,0.002
3939.43762,0.00229
3938.47325,0.00234
3937.50889,0.0022
3936.54452,0.00207
3935.58016,0.00212
3934.61579,0.00242
3933.65142,0.0027
3932.68706,0.00265
3931.72269,0.00237
3930.75832,0.00224
3929.79396,0.00226
3928.82959,0.00222
3927.86522,0.00234
3926.90086,0.00281
3925.93649,0.0032
3924.97212,0.003
3924.00776,0.00247
3923.04339,0.00238
3922.07902,0.00281
3921.11466,0.00313
3920.15029,0.00306
3919.18592,0.00308
3918.22156,0.00327
3917.25719,0.00312
3916.29282,0.00262
3915.32846,0.00239
3914.36409,0.00263
3913.39972,0.00296
3912.43536,0.00308
3911.47099,0.00306
3910.50662,0.00296
3909.54226,0.0029
3908.57789,0.0029
3907.61352,0.00302
3906.64916,0.00328
3905.68479,0.00348
3904.72042,0.0035
3903.75606,0.00329
3902.79169,0.00298
3901.82732,0.00271
3900.86296,0.00268
3899.89859,0.00275
3898.93422,0.00256
3897.96986,0.00246
3897.00549,0.00279
3896.04112,0.00321
3895.07676,0.00329
3894.11239,0.0034
3893.14802,0.00375
3892.18366,0.00373
3891.21929,0.00303
3890.25492,0.0024
3889.29056,0.00259
3888.32619,0.00356
3887.36182,0.00431
3886.39746,0.00405
3885.43309,0.00293
3884.46872,0.0023
3883.50436,0.00273
3882.53999,0.0037
3881.57562,0.00417
3880.61126,0.00375
3879.64689,0.00292
3878.68252,0.00262
3877.71816,0.00297
3876.75379,0.00363
3875.78942,0.00419
3874.82506,0.00418
3873.86069,0.00346
3872.89633,0.00314
3871.93196,0.00385
3870.96759,0.00437
3870.00323,0.00355
3869.03886,0.00233
3868.07449,0.00241
3867.11013,0.00372
3866.14576,0.00461
3865.18139,0.00414
3864.21703,0.0033
3863.25266,0.00321
3862.28829,0.00348
3861.32393,0.0034
3860.35956,0.00342
3859.39519,0.00393
3858.43083,0.00424
3857.46646,0.00409
3856.50209,0.00454
3855.53773,0.00526
3854.57336,0.00487
3853.60899,0.00309
3852.64463,0.00207
3851.68026,0.00227
3850.71589,0.00303
3849.75153,0.00346
3848.78716,0.00372
3847.82279,0.00388
3846.85843,0.00419
3845.89406,0.00458
3844.92969,0.00459
3843.96533,0.00411
3843.00096,0.00373
3842.03659,0.00374
3841.07223,0.00383
3840.10786,0.00391
3839.14349,0.00392
3838.17913,0.00348
3837.21476,0.0029
3836.25039,0.00302
3835.28603,0.00339
3834.32166,0.00357
3833.35729,0.00395
3832.39293,0.00433
3831.42856,0.00395
3830.46419,0.00342
3829.49983,0.00366
3828.53546,0.00422
3827.57109,0.00415
3826.60673,0.00357
3825.64236,0.00331
3824.67799,0.00373
3823.71363,0.0047
3822.74926,0.00522
3821.78489,0.00443
3820.82053,0.00273
3819.85616,0.00204
3818.89179,0.00308
3817.92743,0.00451
3816.96306,0.0046
3815.99869,0.00343
3815.03433,0.00269
3814.06996,0.00309
3813.10559,0.00379
3812.14123,0.00397
3811.17686,0.00389
3810.2125,0.00407
3809.24813,0.0046
3808.28376,0.00489
3807.3194,0.00432
3806.35503,0.00328
3805.39066,0.00308
3804.4263,0.0041
3803.46193,0.00534
3802.49756,0.0054
3801.5332,0.00406
3800.56883,0.0027
3799.60446,0.00274
3798.6401,0.00388
3797.67573,0.00468
3796.71136,0.00445
3795.747,0.0038
3794.78263,0.00358
3793.81826,0.00381
3792.8539,0.00403
3791.88953,0.00411
3790.92516,0.00416
3789.9608,0.00411
3788.99643,0.00404
3788.03206,0.00414
3787.0677,0.00442
3786.10333,0.0045
3785.13896,0.0042
3784.1746,0.0038
3783.21023,0.00377
3782.24586,0.00428
3781.2815,0.00491
3780.31713,0.00505
3779.35276,0.0045
3778.3884,0.00389
3777.42403,0.00375
3776.45966,0.00392
3775.4953,0.00406
3774.53093,0.00413
3773.56656,0.00421
3772.6022,0.00447
3771.63783,0.00476
3770.67346,0.00453
3769.7091,0.00371
3768.74473,0.00344
3767.78036,0.0041
3766.816,0.00464
3765.85163,0.00426
3764.88726,0.0037
3763.9229,0.00372
3762.95853,0.00413
3761.99416,0.00459
3761.0298,0.00477
3760.06543,0.00449
3759.10106,0.00406
3758.1367,0.00404
3757.17233,0.00413
3756.20796,0.00386
3755.2436,0.004
3754.27923,0.00502
3753.31486,0.00553
3752.3505,0.00456
3751.38613,0.0032
3750.42177,0.00265
3749.4574,0.00237
3748.49303,0.00217
3747.52867,0.00302
3746.5643,0.00462
3745.59993,0.0048
3744.63557,0.0029
3743.6712,0.00146
3742.70683,0.00226
3741.74247,0.00382
3740.7781,0.00447
3739.81373,0.0046
3738.84937,0.00488
3737.885,0.00495
3736.92063,0.00443
3735.95627,0.00352
3734.9919,0.00294
3734.02753,0.00321
3733.06317,0.00368
3732.0988,0.00347
3731.13443,0.00303
3730.17007,0.00331
3729.2057,0.0041
3728.24133,0.00466
3727.27697,0.00472
3726.3126,0.00441
3725.34823,0.00418
3724.38387,0.0043
3723.4195,0.00434
3722.45513,0.00387
3721.49077,0.00345
3720.5264,0.00364
3719.56203,0.00397
3718.59767,0.00397
3717.6333,0.00393
3716.66893,0.00408
3715.70457,0.00427
3714.7402,0.00469
3713.77583,0.00503
3712.81147,0.00463
3711.8471,0.00371
3710.88273,0.00332
3709.91837,0.00338
3708.954,0.00334
3707.98963,0.00348
3707.02527,0.00402
3706.0609,0.00448
3705.09653,0.00471
3704.13217,0.005
3703.1678,0.00518
3702.20343,0.00481
3701.23907,0.00423
3700.2747,0.00423
3699.31033,0.00478
3698.34597,0.00526
3697.3816,0.0053
3696.41723,0.00513
3695.45287,0.00495
3694.4885,0.00496
3693.52413,0.00536
3692.55977,0.00581
3691.5954,0.00609
3690.63103,0.00639
3689.66667,0.00655
3688.7023,0.00591
3687.73794,0.00498
3686.77357,0.00515
3685.8092,0.0062
3684.84484,0.00697
3683.88047,0.00709
3682.9161,0.00723
3681.95174,0.00772
3680.98737,0.00835
3680.023,0.00859
3679.05864,0.0085
3678.09427,0.00902
3677.1299,0.0098
3676.16554,0.00965
3675.20117,0.00861
3674.2368,0.00858
3673.27244,0.01027
3672.30807,0.01227
3671.3437,0.01306
3670.37934,0.01278
3669.41497,0.01278
3668.4506,0.01372
3667.48624,0.01521
3666.52187,0.01658
3665.5575,0.01762
3664.59314,0.01855
3663.62877,0.01953
3662.6644,0.02059
3661.70004,0.02176
3660.73567,0.02283
3659.7713,0.02374
3658.80694,0.02491
3657.84257,0.0264
3656.8782,0.02749
3655.91384,0.02792
3654.94947,0.02874
3653.9851,0.03034
3653.02074,0.03234
3652.05637,0.03399
3651.092,0.03481
3650.12764,0.03504
3649.16327,0.03569
3648.1989,0.03704
3647.23454,0.0383
3646.27017,0.03937
3645.3058,0.04101
3644.34144,0.04325
3643.37707,0.04519
3642.4127,0.04645
3641.44834,0.04757
3640.48397,0.04898
3639.5196,0.05047
3638.55524,0.05166
3637.59087,0.05275
3636.6265,0.05411
3635.66214,0.05554
3634.69777,0.0565
3633.7334,0.05713
3632.76904,0.05819
3631.80467,0.06016
3630.8403,0.062
3629.87594,0.06228
3628.91157,0.06139
3627.9472,0.06156
3626.98284,0.0634
3626.01847,0.06548
3625.05411,0.06685
3624.08974,0.06808
3623.12537,0.06949
3622.16101,0.07076
3621.19664,0.07153
3620.23227,0.0718
3619.26791,0.07191
3618.30354,0.07243
3617.33917,0.07354
3616.37481,0.07487
3615.41044,0.07607
3614.44607,0.07699
3613.48171,0.0776
3612.51734,0.07814
3611.55297,0.07909
3610.58861,0.08016
3609.62424,0.08052
3608.65987,0.08031
3607.69551,0.08052
3606.73114,0.08127
3605.76677,0.08215
3604.80241,0.08294
3603.83804,0.08367
3602.87367,0.08429
3601.90931,0.08485
3600.94494,0.08532
3599.98057,0.08561
3599.01621,0.08587
3598.05184,0.08634
3597.08747,0.08699
3596.12311,0.08747
3595.15874,0.08761
3594.19437,0.08773
3593.23001,0.088
3592.26564,0.08852
3591.30127,0.08938
3590.33691,0.0903
3589.37254,0.09075
3588.40817,0.09041
3587.44381,0.0898
3586.47944,0.08964
3585.51507,0.09031
3584.55071,0.09126
3583.58634,0.09178
3582.62197,0.09206
3581.65761,0.09248
3580.69324,0.09282
3579.72887,0.09294
3578.76451,0.09328
3577.80014,0.09399
3576.83577,0.09462
3575.87141,0.09501
3574.90704,0.09526
3573.94267,0.09545
3572.97831,0.09567
3572.01394,0.09602
3571.04957,0.09662
3570.08521,0.09736
3569.12084,0.09798
3568.15647,0.0981
3567.19211,0.09782
3566.22774,0.09774
3565.26337,0.09822
3564.29901,0.09916
3563.33464,0.10006
3562.37028,0.10081
3561.40591,0.10148
3560.44154,0.10205
3559.47718,0.10253
3558.51281,0.10303
3557.54844,0.10361
3556.58408,0.10406
3555.61971,0.10444
3554.65534,0.10502
3553.69098,0.10574
3552.72661,0.10628
3551.76224,0.10651
3550.79788,0.10702
3549.83351,0.10804
3548.86914,0.10909
3547.90478,0.10965
3546.94041,0.10994
3545.97604,0.11037
3545.01168,0.11093
3544.04731,0.11148
3543.08294,0.11208
3542.11858,0.11276
3541.15421,0.11338
3540.18984,0.11385
3539.22548,0.11443
3538.26111,0.11524
3537.29674,0.11602
3536.33238,0.1165
3535.36801,0.11691
3534.40364,0.11761
3533.43928,0.11847
3532.47491,0.11909
3531.51054,0.11944
3530.54618,0.11983
3529.58181,0.12042
3528.61744,0.12103
3527.65308,0.12154
3526.68871,0.12206
3525.72434,0.12285
3524.75998,0.1238
3523.79561,0.12452
3522.83124,0.12486
3521.86688,0.12514
3520.90251,0.12568
3519.93814,0.12638
3518.97378,0.12701
3518.00941,0.12746
3517.04504,0.12778
3516.08068,0.12825
3515.11631,0.12902
3514.15194,0.12983
3513.18758,0.13024
3512.22321,0.13035
3511.25884,0.13061
3510.29448,0.13106
3509.33011,0.13145
3508.36574,0.13184
3507.40138,0.13242
3506.43701,0.13304
3505.47264,0.13356
3504.50828,0.13409
3503.54391,0.13461
3502.57955,0.1349
3501.61518,0.13506
3500.65081,0.1354
3499.68645,0.13596
3498.72208,0.13662
3497.75771,0.13729
3496.79335,0.13782
3495.82898,0.13816
3494.86461,0.13843
3493.90025,0.13876
3492.93588,0.13909
3491.97151,0.13936
3491.00715,0.13965
3490.04278,0.13995
3489.07841,0.14017
3488.11405,0.14046
3487.14968,0.14099
3486.18531,0.14156
3485.22095,0.14195
3484.25658,0.14223
3483.29221,0.14249
3482.32785,0.14273
3481.36348,0.143
3480.39911,0.14335
3479.43475,0.14366
3478.47038,0.14393
3477.50601,0.14431
3476.54165,0.14477
3475.57728,0.14514
3474.61291,0.14537
3473.64855,0.14553
3472.68418,0.1458
3471.71981,0.14628
3470.75545,0.14684
3469.79108,0.14727
3468.82671,0.14754
3467.86235,0.14769
3466.89798,0.14775
3465.93361,0.14787
3464.96925,0.14814
3464.00488,0.1484
3463.04051,0.14853
3462.07615,0.1487
3461.11178,0.14906
3460.14741,0.14948
3459.18305,0.1498
3458.21868,0.15003
3457.25431,0.15022
3456.28995,0.15036
3455.32558,0.15054
3454.36121,0.15084
3453.39685,0.15119
3452.43248,0.15148
3451.46811,0.15172
3450.50375,0.15198
3449.53938,0.15219
3448.57501,0.15224
3447.61065,0.15211
3446.64628,0.15205
3445.68191,0.15233
3444.71755,0.15286
3443.75318,0.15331
3442.78881,0.15347
3441.82445,0.15342
3440.86008,0.15345
3439.89572,0.15375
3438.93135,0.15431
3437.96698,0.15483
3437.00262,0.15505
3436.03825,0.15504
3435.07388,0.15502
3434.10952,0.1551
3433.14515,0.15523
3432.18078,0.15547
3431.21642,0.15584
3430.25205,0.1561
3429.28768,0.15612
3428.32332,0.15609
3427.35895,0.15622
3426.39458,0.15645
3425.43022,0.15666
3424.46585,0.15674
3423.50148,0.15666
3422.53712,0.15673
3421.57275,0.15715
3420.60838,0.15761
3419.64402,0.15768
3418.67965,0.15755
3417.71528,0.15759
3416.75092,0.15776
3415.78655,0.15793
3414.82218,0.15824
3413.85782,0.15868
3412.89345,0.15889
3411.92908,0.15884
3410.96472,0.15893
3410.00035,0.15915
3409.03598,0.15916
3408.07162,0.15894
3407.10725,0.15886
3406.14288,0.15909
3405.17852,0.15949
3404.21415,0.15985
3403.24978,0.16005
3402.28542,0.1602
3401.32105,0.16037
3400.35668,0.16053
3399.39232,0.1606
3398.42795,0.16061
3397.46358,0.16054
3396.49922,0.16044
3395.53485,0.16045
3394.57048,0.16071
3393.60612,0.16108
3392.64175,0.16132
3391.67738,0.1614
3390.71302,0.16141
3389.74865,0.16139
3388.78428,0.16133
3387.81992,0.16126
3386.85555,0.16127
3385.89118,0.16131
3384.92682,0.16135
3383.96245,0.16149
3382.99808,0.16181
3382.03372,0.16213
3381.06935,0.16216
3380.10498,0.16195
3379.14062,0.16188
3378.17625,0.16217
3377.21189,0.16255
3376.24752,0.16265
3375.28315,0.16255
3374.31879,0.16252
3373.35442,0.16266
3372.39005,0.16293
3371.42569,0.16327
3370.46132,0.16354
3369.49695,0.16359
3368.53259,0.16352
3367.56822,0.16354
3366.60385,0.16368
3365.63949,0.16373
3364.67512,0.16357
3363.71075,0.16334
3362.74639,0.16327
3361.78202,0.16347
3360.81765,0.16368
3359.85329,0.16368
3358.88892,0.16355
3357.92455,0.16357
3356.96019,0.16371
3355.99582,0.16377
3355.03145,0.1637
3354.06709,0.16367
3353.10272,0.16386
3352.13835,0.16427
3351.17399,0.16464
3350.20962,0.16469
3349.24525,0.16448
3348.28089,0.16429
3347.31652,0.16421
3346.35215,0.16416
3345.38779,0.16424
3344.42342,0.16461
3343.45905,0.16505
3342.49469,0.16517
3341.53032,0.16502
3340.56595,0.16498
3339.60159,0.16519
3338.63722,0.16535
3337.67285,0.16529
3336.70849,0.16515
3335.74412,0.16509
3334.77975,0.16512
3333.81539,0.16522
3332.85102,0.16535
3331.88665,0.16534
3330.92229,0.16517
3329.95792,0.16501
3328.99355,0.16498
3328.02919,0.16515
3327.06482,0.16552
3326.10045,0.1659
3325.13609,0.16604
3324.17172,0.1659
3323.20735,0.1657
3322.24299,0.16567
3321.27862,0.16583
3320.31425,0.16598
3319.34989,0.16597
3318.38552,0.16587
3317.42115,0.16585
3316.45679,0.16588
3315.49242,0.16584
3314.52806,0.16586
3313.56369,0.16614
3312.59932,0.1665
3311.63496,0.16669
3310.67059,0.16681
3309.70622,0.16709
3308.74186,0.16744
3307.77749,0.16763
3306.81312,0.1676
3305.84876,0.1675
3304.88439,0.16741
3303.92002,0.16728
3302.95566,0.16709
3301.99129,0.16696
3301.02692,0.16698
3300.06256,0.16712
3299.09819,0.16727
3298.13382,0.16736
3297.16946,0.16742
3296.20509,0.16756
3295.24072,0.16777
3294.27636,0.16794
3293.31199,0.16808
3292.34762,0.16825
3291.38326,0.1683
3290.41889,0.16807
3289.45452,0.16774
3288.49016,0.16757
3287.52579,0.16756
3286.56142,0.16756
3285.59706,0.16764
3284.63269,0.16785
3283.66832,0.16811
3282.70396,0.16832
3281.73959,0.16845
3280.77522,0.16843
3279.81086,0.16822
3278.84649,0.16807
3277.88212,0.16827
3276.91776,0.16882
3275.95339,0.16934
3274.98902,0.16951
3274.02466,0.16943
3273.06029,0.16935
3272.09592,0.16941
3271.13156,0.16954
3270.16719,0.16959
3269.20282,0.16953
3268.23846,0.16946
3267.27409,0.16954
3266.30972,0.1697
3265.34536,0.16978
3264.38099,0.16972
3263.41662,0.16959
3262.45226,0.16949
3261.48789,0.16949
3260.52352,0.16968
3259.55916,0.17003
3258.59479,0.17033
3257.63042,0.17045
3256.66606,0.17047
3255.70169,0.17052
3254.73733,0.17057
3253.77296,0.17063
3252.80859,0.17069
3251.84423,0.17071
3250.87986,0.17066
3249.91549,0.17063
3248.95113,0.17074
3247.98676,0.17098
3247.02239,0.17119
3246.05803,0.17129
3245.09366,0.17131
3244.12929,0.17133
3243.16493,0.17131
3242.20056,0.17128
3241.23619,0.17133
3240.27183,0.17143
3239.30746,0.17146
3238.34309,0.17144
3237.37873,0.1715
3236.41436,0.17173
3235.44999,0.17211
3234.48563,0.17243
3233.52126,0.17243
3232.55689,0.17213
3231.59253,0.17189
3230.62816,0.17192
3229.66379,0.17208
3228.69943,0.17216
3227.73506,0.17211
3226.77069,0.17205
3225.80633,0.17207
3224.84196,0.17217
3223.87759,0.17224
3222.91323,0.17224
3221.94886,0.17222
3220.98449,0.17223
3220.02013,0.1723
3219.05576,0.17239
3218.09139,0.17243
3217.12703,0.17236
3216.16266,0.17221
3215.19829,0.17218
3214.23393,0.17238
3213.26956,0.17266
3212.30519,0.17277
3211.34083,0.17262
3210.37646,0.17238
3209.41209,0.17229
3208.44773,0.17244
3207.48336,0.17269
3206.51899,0.17282
3205.55463,0.17269
3204.59026,0.17243
3203.62589,0.17227
3202.66153,0.17223
3201.69716,0.17221
3200.73279,0.17215
3199.76843,0.17219
3198.80406,0.17241
3197.83969,0.17265
3196.87533,0.17273
3195.91096,0.17264
3194.94659,0.17251
3193.98223,0.17241
3193.01786,0.17234
3192.0535,0.17233
3191.08913,0.17232
3190.12476,0.17226
3189.1604,0.17213
3188.19603,0.17203
3187.23166,0.17196
3186.2673,0.17183
3185.30293,0.17159
3184.33856,0.17138
3183.3742,0.17134
3182.40983,0.17145
3181.44546,0.17164
3180.4811,0.17181
3179.51673,0.17177
3178.55236,0.17153
3177.588,0.1714
3176.62363,0.1716
3175.65926,0.17187
3174.6949,0.17189
3173.73053,0.17168
3172.76616,0.17144
3171.8018,0.17129
3170.83743,0.17125
3169.87306,0.17123
3168.9087,0.17111
3167.94433,0.17094
3166.97996,0.17089
3166.0156,0.17091
3165.05123,0.17076
3164.08686,0.17041
3163.1225,0.1701
3162.15813,0.17
3161.19376,0.17009
3160.2294,0.17026
3159.26503,0.17038
3158.30066,0.17042
3157.3363,0.17032
3156.37193,0.17013
3155.40756,0.16999
3154.4432,0.17
3153.47883,0.17001
3152.51446,0.1698
3151.5501,0.16944
3150.58573,0.16909
3149.62136,0.16883
3148.657,0.16865
3147.69263,0.16855
3146.72826,0.16856
3145.7639,0.16867
3144.79953,0.16875
3143.83516,0.16865
3142.8708,0.16842
3141.90643,0.16819
3140.94206,0.16801
3139.9777,0.16788
3139.01333,0.1678
3138.04896,0.16767
3137.0846,0.16742
3136.12023,0.1671
3135.15586,0.16683
3134.1915,0.16665
3133.22713,0.16651
3132.26276,0.16651
3131.2984,0.16661
3130.33403,0.16655
3129.36967,0.16621
3128.4053,0.16583
3127.44093,0.16564
3126.47657,0.16562
3125.5122,0.16555
3124.54783,0.1653
3123.58347,0.16501
3122.6191,0.16492
3121.65473,0.16507
3120.69037,0.16519
3119.726,0.16513
3118.76163,0.16494
3117.79727,0.16469
3116.8329,0.16439
3115.86853,0.16404
3114.90417,0.16368
3113.9398,0.16336
3112.97543,0.16314
3112.01107,0.16305
3111.0467,0.16303
3110.08233,0.16297
3109.11797,0.16279
3108.1536,0.16251
3107.18923,0.16219
3106.22487,0.16193
3105.2605,0.16175
3104.29613,0.16157
3103.33177,0.1613
3102.3674,0.16104
3101.40303,0.16096
3100.43867,0.16097
3099.4743,0.16081
3098.50993,0.16047
3097.54557,0.16009
3096.5812,0.15971
3095.61683,0.15936
3094.65247,0.15914
3093.6881,0.15907
3092.72373,0.15902
3091.75937,0.15886
3090.795,0.15864
3089.83063,0.15845
3088.86627,0.15832
3087.9019,0.15818
3086.93753,0.15798
3085.97317,0.1578
3085.0088,0.15772
3084.04443,0.1576
3083.08007,0.15733
3082.1157,0.15706
3081.15133,0.15697
3080.18697,0.15693
3079.2226,0.15673
3078.25823,0.15644
3077.29387,0.1562
3076.3295,0.15591
3075.36513,0.15541
3074.40077,0.15486
3073.4364,0.15452
3072.47203,0.15434
3071.50767,0.15411
3070.5433,0.15381
3069.57893,0.15362
3068.61457,0.15359
3067.6502,0.15357
3066.68584,0.15341
3065.72147,0.15306
3064.7571,0.15258
3063.79274,0.15204
3062.82837,0.15159
3061.864,0.1514
3060.89964,0.15141
3059.93527,0.15128
3058.9709,0.15086
3058.00654,0.1504
3057.04217,0.15017
3056.0778,0.15014
3055.11344,0.15006
3054.14907,0.14978
3053.1847,0.14944
3052.22034,0.1492
3051.25597,0.14901
3050.2916,0.14866
3049.32724,0.14823
3048.36287,0.14797
3047.3985,0.14787
3046.43414,0.1477
3045.46977,0.14739
3044.5054,0.14712
3043.54104,0.14699
3042.57667,0.14692
3041.6123,0.14679
3040.64794,0.14646
3039.68357,0.14586
3038.7192,0.14517
3037.75484,0.1448
3036.79047,0.14486
3035.8261,0.14501
3034.86174,0.14491
3033.89737,0.14457
3032.933,0.14413
3031.96864,0.14367
3031.00427,0.1432
3030.0399,0.14273
3029.07554,0.14233
3028.11117,0.14208
3027.1468,0.14198
3026.18244,0.14189
3025.21807,0.14167
3024.2537,0.14126
3023.28934,0.14085
3022.32497,0.14061
3021.3606,0.14046
3020.39624,0.14025
3019.43187,0.14
3018.4675,0.13987
3017.50314,0.1398
3016.53877,0.13959
3015.5744,0.13923
3014.61004,0.13892
3013.64567,0.13868
3012.6813,0.13836
3011.71694,0.13793
3010.75257,0.13751
3009.7882,0.13712
3008.82384,0.13675
3007.85947,0.13647
3006.89511,0.13632
3005.93074,0.13618
3004.96637,0.13594
3004.00201,0.13556
3003.03764,0.13509
3002.07327,0.13463
3001.10891,0.1343
3000.14454,0.13415
2999.18017,0.13411
2998.21581,0.13398
2997.25144,0.13359
2996.28707,0.13307
2995.32271,0.13271
2994.35834,0.13262
2993.39397,0.13265
2992.42961,0.13248
2991.46524,0.13201
2990.50087,0.13146
2989.53651,0.13103
2988.57214,0.13071
2987.60777,0.1304
2986.64341,0.13012
2985.67904,0.12988
2984.71467,0.12966
2983.75031,0.12945
2982.78594,0.12927
2981.82157,0.12913
2980.85721,0.12899
2979.89284,0.12884
2978.92847,0.12862
2977.96411,0.12831
2976.99974,0.12799
2976.03537,0.12777
2975.07101,0.1276
2974.10664,0.12734
2973.14227,0.12698
2972.17791,0.12668
2971.21354,0.12648
2970.24917,0.12624
2969.28481,0.12589
2968.32044,0.12559
2967.35607,0.12554
2966.39171,0.1256
2965.42734,0.12554
2964.46297,0.12532
2963.49861,0.12505
2962.53424,0.12476
2961.56987,0.12447
2960.60551,0.12428
2959.64114,0.1242
2958.67677,0.12415
2957.71241,0.12405
2956.74804,0.12392
2955.78367,0.12375
2954.81931,0.12354
2953.85494,0.12333
2952.89057,0.12312
2951.92621,0.12293
2950.96184,0.12281
2949.99747,0.12273
2949.03311,0.12259
2948.06874,0.12238
2947.10437,0.12223
2946.14001,0.12221
2945.17564,0.1222
2944.21128,0.1221
2943.24691,0.12189
2942.28254,0.12161
2941.31818,0.12132
2940.35381,0.12115
2939.38944,0.1211
2938.42508,0.12104
2937.46071,0.12088
2936.49634,0.12067
2935.53198,0.12047
2934.56761,0.12033
2933.60324,0.1203
2932.63888,0.12033
2931.67451,0.12033
2930.71014,0.12029
2929.74578,0.12026
2928.78141,0.12022
2927.81704,0.12009
2926.85268,0.1199
2925.88831,0.11974
2924.92394,0.11963
2923.95958,0.11961
2922.99521,0.11965
2922.03084,0.11965
2921.06648,0.11956
2920.10211,0.11944
2919.13774,0.11935
2918.17338,0.11923
2917.20901,0.11899
2916.24464,0.11873
2915.28028,0.11859
2914.31591,0.11854
2913.35154,0.11842
2912.38718,0.11815
2911.42281,0.11782
2910.45844,0.11752
2909.49408,0.11729
2908.52971,0.11707
2907.56534,0.11684
2906.60098,0.11663
2905.63661,0.11643
2904.67224,0.11622
2903.70788,0.116
2902.74351,0.11582
2901.77914,0.11568
2900.81478,0.11559
2899.85041,0.11553
2898.88604,0.11546
2897.92168,0.11534
2896.95731,0.11523
2895.99294,0.11518
2895.02858,0.11515
2894.06421,0.1151
2893.09984,0.11502
2892.13548,0.1149
2891.17111,0.11478
2890.20674,0.11471
2889.24238,0.11468
2888.27801,0.11462
2887.31364,0.11455
2886.34928,0.11452
2885.38491,0.11452
2884.42054,0.11449
2883.45618,0.11444
2882.49181,0.11446
2881.52745,0.11458
2880.56308,0.11463
2879.59871,0.11451
2878.63435,0.11431
2877.66998,0.11419
2876.70561,0.1142
2875.74125,0.11427
2874.77688,0.11431
2873.81251,0.11434
2872.84815,0.11434
2871.88378,0.11432
2870.91941,0.1143
2869.95505,0.11433
2868.99068,0.11442
2868.02631,0.11449
2867.06195,0.11447
2866.09758,0.11442
2865.13321,0.11443
2864.16885,0.11453
2863.20448,0.1146
2862.24011,0.11454
2861.27575,0.11442
2860.31138,0.11438
2859.34701,0.11447
2858.38265,0.11462
2857.41828,0.11478
2856.45391,0.11491
2855.48955,0.11504
2854.52518,0.11519
2853.56081,0.11538
2852.59645,0.11555
2851.63208,0.11558
2850.66771,0.11554
2849.70335,0.11559
2848.73898,0.11576
2847.77461,0.11593
2846.81025,0.11598
2845.84588,0.11593
2844.88151,0.1159
2843.91715,0.11592
2842.95278,0.11592
2841.98841,0.11591
2841.02405,0.11593
2840.05968,0.11599
2839.09531,0.11599
2838.13095,0.11596
2837.16658,0.11593
2836.20221,0.11585
2835.23785,0.11568
2834.27348,0.11553
2833.30911,0.11551
2832.34475,0.11558
2831.38038,0.11562
2830.41601,0.11559
2829.45165,0.11555
2828.48728,0.11555
2827.52291,0.11557
2826.55855,0.11559
2825.59418,0.11564
2824.62981,0.11574
2823.66545,0.11586
2822.70108,0.11593
2821.73671,0.11589
2820.77235,0.11581
2819.80798,0.11579
2818.84362,0.11582
2817.87925,0.11585
2816.91488,0.1158
2815.95052,0.11575
2814.98615,0.11575
2814.02178,0.1158
2813.05742,0.11583
2812.09305,0.1158
2811.12868,0.11573
2810.16432,0.11569
2809.19995,0.11571
2808.23558,0.11575
2807.27122,0.11579
2806.30685,0.11583
2805.34248,0.11587
2804.37812,0.11589
2803.41375,0.1159
2802.44938,0.11583
2801.48502,0.11568
2800.52065,0.11557
2799.55628,0.11557
2798.59192,0.11564
2797.62755,0.11569
2796.66318,0.11566
2795.69882,0.11562
2794.73445,0.11566
2793.77008,0.11571
2792.80572,0.11563
2791.84135,0.11541
2790.87698,0.1152
2789.91262,0.11511
2788.94825,0.11511
2787.98388,0.11514
2787.01952,0.11518
2786.05515,0.11521
2785.09078,0.11522
2784.12642,0.11518
2783.16205,0.11512
2782.19768,0.11503
2781.23332,0.11486
2780.26895,0.11463
2779.30458,0.11446
2778.34022,0.11443
2777.37585,0.11443
2776.41148,0.11434
2775.44712,0.11425
2774.48275,0.11424
2773.51838,0.11425
2772.55402,0.11417
2771.58965,0.11406
2770.62528,0.11395
2769.66092,0.11382
2768.69655,0.11371
2767.73218,0.11366
2766.76782,0.1136
2765.80345,0.11346
2764.83908,0.11331
2763.87472,0.11322
2762.91035,0.11318
2761.94598,0.1131
2760.98162,0.11296
2760.01725,0.11282
2759.05288,0.11267
2758.08852,0.11249
2757.12415,0.11233
2756.15979,0.11224
2755.19542,0.11213
2754.23105,0.11192
2753.26669,0.11174
2752.30232,0.11168
2751.33795,0.11163
2750.37359,0.11151
2749.40922,0.11139
2748.44485,0.1113
2747.48049,0.11119
2746.51612,0.11102
2745.55175,0.11086
2744.58739,0.11078
2743.62302,0.11072
2742.65865,0.1106
2741.69429,0.11039
2740.72992,0.11015
2739.76555,0.10995
2738.80119,0.10984
2737.83682,0.10978
2736.87245,0.10969
2735.90809,0.10953
2734.94372,0.10934
2733.97935,0.10919
2733.01499,0.10905
2732.05062,0.10886
2731.08625,0.10862
2730.12189,0.10841
2729.15752,0.10826
2728.19315,0.10819
2727.22879,0.10812
2726.26442,0.10801
2725.30005,0.10784
2724.33569,0.10767
2723.37132,0.10753
2722.40695,0.1074
2721.44259,0.10726
2720.47822,0.10708
2719.51385,0.1069
2718.54949,0.10676
2717.58512,0.10665
2716.62075,0.1065
2715.65639,0.10632
2714.69202,0.10619
2713.72765,0.10608
2712.76329,0.10593
2711.79892,0.10576
2710.83455,0.10561
2709.87019,0.10545
2708.90582,0.10526
2707.94145,0.10508
2706.97709,0.10494
2706.01272,0.10481
2705.04835,0.10469
2704.08399,0.10462
2703.11962,0.10453
2702.15525,0.1043
2701.19089,0.10399
2700.22652,0.10374
2699.26215,0.10358
2698.29779,0.10345
2697.33342,0.10331
2696.36906,0.10317
2695.40469,0.10302
2694.44032,0.10292
2693.47596,0.10289
2692.51159,0.10285
2691.54722,0.10268
2690.58286,0.10242
2689.61849,0.1022
2688.65412,0.10212
2687.68976,0.10207
2686.72539,0.10197
2685.76102,0.10182
2684.79666,0.10168
2683.83229,0.10158
2682.86792,0.10147
2681.90356,0.10131
2680.93919,0.10113
2679.97482,0.101
2679.01046,0.10088
2678.04609,0.10073
2677.08172,0.10061
2676.11736,0.10055
2675.15299,0.10044
2674.18862,0.10023
2673.22426,0.10002
2672.25989,0.09986
2671.29552,0.09972
2670.33116,0.0996
2669.36679,0.0995
2668.40242,0.09938
2667.43806,0.09927
2666.47369,0.09922
2665.50932,0.0992
2664.54496,0.09913
2663.58059,0.09898
2662.61622,0.09878
2661.65186,0.09854
2660.68749,0.0983
2659.72312,0.0981
2658.75876,0.09798
2657.79439,0.09786
2656.83002,0.09767
2655.86566,0.09745
2654.90129,0.0973
2653.93692,0.09723
2652.97256,0.09711
2652.00819,0.09692
2651.04382,0.09669
2650.07946,0.09648
2649.11509,0.09629
2648.15072,0.09609
2647.18636,0.09583
2646.22199,0.09556
2645.25762,0.09533
2644.29326,0.09513
2643.32889,0.09496
2642.36452,0.09487
2641.40016,0.0948
2640.43579,0.09469
2639.47142,0.09449
2638.50706,0.09424
2637.54269,0.09401
2636.57832,0.09386
2635.61396,0.09377
2634.64959,0.09367
2633.68523,0.09358
2632.72086,0.09354
2631.75649,0.0935
2630.79213,0.09334
2629.82776,0.09308
2628.86339,0.09283
2627.89903,0.09261
2626.93466,0.09239
2625.97029,0.09222
2625.00593,0.09213
2624.04156,0.09209
2623.07719,0.09204
2622.11283,0.09195
2621.14846,0.09178
2620.18409,0.09156
2619.21973,0.09135
2618.25536,0.09114
2617.29099,0.09089
2616.32663,0.09065
2615.36226,0.09055
2614.39789,0.09063
2613.43353,0.09078
2612.46916,0.09083
2611.50479,0.0907
2610.54043,0.09051
2609.57606,0.09036
2608.61169,0.09014
2607.64733,0.08979
2606.68296,0.08953
2605.71859,0.08952
2604.75423,0.08958
2603.78986,0.0895
2602.82549,0.08926
2601.86113,0.08906
2600.89676,0.089
2599.93239,0.08896
2598.96803,0.08883
2598.00366,0.08869
2597.03929,0.08858
2596.07493,0.08845
2595.11056,0.08836
2594.14619,0.08842
2593.18183,0.08848
2592.21746,0.08831
2591.25309,0.08796
2590.28873,0.08771
2589.32436,0.08772
2588.35999,0.08777
2587.39563,0.08765
2586.43126,0.08749
2585.46689,0.08741
2584.50253,0.08723
2583.53816,0.08692
2582.57379,0.08674
2581.60943,0.08676
2580.64506,0.08679
2579.68069,0.08675
2578.71633,0.0867
2577.75196,0.08669
2576.78759,0.08669
2575.82323,0.08659
2574.85886,0.08624
2573.89449,0.08585
2572.93013,0.08574
2571.96576,0.08584
2571.0014,0.08576
2570.03703,0.08548
2569.07266,0.08537
2568.1083,0.0855
2567.14393,0.0856
2566.17956,0.08543
2565.2152,0.08506
2564.25083,0.08471
2563.28646,0.08463
2562.3221,0.08488
2561.35773,0.08514
2560.39336,0.08507
2559.429,0.0848
2558.46463,0.08458
2557.50026,0.08443
2556.5359,0.08414
2555.57153,0.08381
2554.60716,0.08372
2553.6428,0.08394
2552.67843,0.08414
2551.71406,0.08407
2550.7497,0.08381
2549.78533,0.08356
2548.82096,0.08341
2547.8566,0.08334
2546.89223,0.08335
2545.92786,0.08335
2544.9635,0.08323
2543.99913,0.08292
2543.03476,0.08256
2542.0704,0.08238
2541.10603,0.08236
2540.14166,0.08236
2539.1773,0.08234
2538.21293,0.08234
2537.24856,0.08229
2536.2842,0.08209
2535.31983,0.08186
2534.35546,0.08177
2533.3911,0.08173
2532.42673,0.08156
2531.46236,0.08129
2530.498,0.08112
2529.53363,0.08111
2528.56926,0.08113
2527.6049,0.08104
2526.64053,0.08088
2525.67616,0.08071
2524.7118,0.08061
2523.74743,0.08057
2522.78306,0.08054
2521.8187,0.08053
2520.85433,0.08056
2519.88996,0.08047
2518.9256,0.08012
2517.96123,0.07968
2516.99686,0.07949
2516.0325,0.07962
2515.06813,0.07984
2514.10376,0.07992
2513.1394,0.07981
2512.17503,0.07961
2511.21066,0.07945
2510.2463,0.07938
2509.28193,0.07939
2508.31757,0.07944
2507.3532,0.07935
2506.38883,0.07904
2505.42447,0.07885
2504.4601,0.07901
2503.49573,0.07919
2502.53137,0.07894
2501.567,0.07832
2500.60263,0.07779
2499.63827,0.07766
2498.6739,0.07777
2497.70953,0.0778
2496.74517,0.07767
2495.7808,0.07759
2494.81643,0.0776
2493.85207,0.07752
2492.8877,0.0773
2491.92333,0.0771
2490.95897,0.07707
2489.9946,0.07719
2489.03023,0.07724
2488.06587,0.07701
2487.1015,0.07664
2486.13713,0.07649
2485.17277,0.07664
2484.2084,0.07683
2483.24403,0.07677
2482.27967,0.07642
2481.3153,0.07602
2480.35093,0.07578
2479.38657,0.07564
2478.4222,0.07547
2477.45783,0.07531
2476.49347,0.07522
2475.5291,0.07523
2474.56473,0.07527
2473.60037,0.07523
2472.636,0.07505
2471.67163,0.07478
2470.70727,0.07454
2469.7429,0.07441
2468.77853,0.07435
2467.81417,0.07431
2466.8498,0.0742
2465.88543,0.0739
2464.92107,0.0735
2463.9567,0.07329
2462.99233,0.0734
2462.02797,0.07356
2461.0636,0.07354
2460.09923,0.07339
2459.13487,0.07328
2458.1705,0.07326
2457.20613,0.07322
2456.24177,0.07304
2455.2774,0.07276
2454.31303,0.07256
2453.34867,0.07248
2452.3843,0.07244
2451.41993,0.07233
2450.45557,0.07214
2449.4912,0.07202
2448.52684,0.07202
2447.56247,0.07202
2446.5981,0.07185
2445.63374,0.07159
2444.66937,0.07145
2443.705,0.07142
2442.74064,0.0713
2441.77627,0.07094
2440.8119,0.0706
2439.84754,0.07059
2438.88317,0.07074
2437.9188,0.07059
2436.95444,0.07025
2435.99007,0.07014
2435.0257,0.07023
2434.06134,0.07015
2433.09697,0.06985
2432.1326,0.06956
2431.16824,0.0693
2430.20387,0.06901
2429.2395,0.06889
2428.27514,0.06904
2427.31077,0.0692
2426.3464,0.06906
2425.38204,0.06875
2424.41767,0.06859
2423.4533,0.06862
2422.48894,0.06867
2421.52457,0.06858
2420.5602,0.06843
2419.59584,0.06839
2418.63147,0.06842
2417.6671,0.06833
2416.70274,0.06804
2415.73837,0.0677
2414.774,0.06746
2413.80964,0.06738
2412.84527,0.06738
2411.8809,0.06729
2410.91654,0.06706
2409.95217,0.06684
2408.9878,0.0667
2408.02344,0.06662
2407.05907,0.06654
2406.0947,0.06637
2405.13034,0.06606
2404.16597,0.06576
2403.2016,0.06559
2402.23724,0.06556
2401.27287,0.06563
2400.3085,0.06575
2399.34414,0.06572
2398.37977,0.06544
2397.4154,0.06509
2396.45104,0.06497
2395.48667,0.0651
2394.5223,0.0652
2393.55794,0.06503
2392.59357,0.06468
2391.6292,0.0644
2390.66484,0.06425
2389.70047,0.06421
2388.7361,0.06422
2387.77174,0.06425
2386.80737,0.06424
2385.84301,0.06411
2384.87864,0.06392
2383.91427,0.06383
2382.94991,0.06392
2381.98554,0.06394
2381.02117,0.06378
2380.05681,0.06359
2379.09244,0.06346
2378.12807,0.06332
2377.16371,0.06323
2376.19934,0.06325
2375.23497,0.06323
2374.27061,0.063
2373.30624,0.06276
2372.34187,0.0628
2371.37751,0.06307
2370.41314,0.06321
2369.44877,0.06306
2368.48441,0.06279
2367.52004,0.06236
2366.55567,0.06173
2365.59131,0.06121
2364.62694,0.06125
2363.66257,0.06172
2362.69821,0.06204
2361.73384,0.06196
2360.76947,0.06155
2359.80511,0.06101
2358.84074,0.06055
2357.87637,0.06035
2356.91201,0.06038
2355.94764,0.0604
2354.98327,0.0602
2354.01891,0.05989
2353.05454,0.05983
2352.09017,0.06002
2351.12581,0.06015
2350.16144,0.06019
2349.19707,0.06043
2348.23271,0.06086
2347.26834,0.06104
2346.30397,0.06078
2345.33961,0.0603
2344.37524,0.05986
2343.41087,0.05948
2342.44651,0.05907
2341.48214,0.05876
2340.51777,0.05878
2339.55341,0.05901
2338.58904,0.05907
2337.62467,0.05886
2336.66031,0.05871
2335.69594,0.05885
2334.73157,0.05914
2333.76721,0.05927
2332.80284,0.05915
2331.83847,0.05887
2330.87411,0.05858
2329.90974,0.05839
2328.94537,0.05834
2327.98101,0.05831
2327.01664,0.05814
2326.05227,0.05791
2325.08791,0.05772
2324.12354,0.05746
2323.15918,0.05711
2322.19481,0.05683
2321.23044,0.05675
2320.26608,0.05674
2319.30171,0.05664
2318.33734,0.05635
2317.37298,0.05592
2316.40861,0.05553
2315.44424,0.05525
2314.47988,0.05507
2313.51551,0.05498
2312.55114,0.05492
2311.58678,0.05484
2310.62241,0.05475
2309.65804,0.05467
2308.69368,0.05451
2307.72931,0.05432
2306.76494,0.05416
2305.80058,0.05405
2304.83621,0.05391
2303.87184,0.05365
2302.90748,0.05336
2301.94311,0.05324
2300.97874,0.05329
2300.01438,0.05327
2299.05001,0.05315
2298.08564,0.0531
2297.12128,0.05305
2296.15691,0.05275
2295.19254,0.05225
2294.22818,0.05187
2293.26381,0.05181
2292.29944,0.05189
2291.33508,0.05186
2290.37071,0.05179
2289.40634,0.05184
2288.44198,0.0518
2287.47761,0.05153
2286.51324,0.05124
2285.54888,0.05112
2284.58451,0.05106
2283.62014,0.05092
2282.65578,0.05065
2281.69141,0.05025
2280.72704,0.04987
2279.76268,0.04974
2278.79831,0.04994
2277.83394,0.05008
2276.86958,0.04969
2275.90521,0.04898
2274.94084,0.04869
2273.97648,0.04902
2273.01211,0.04945
2272.04774,0.04948
2271.08338,0.04903
2270.11901,0.04835
2269.15464,0.04784
2268.19028,0.04771
2267.22591,0.04766
2266.26154,0.04727
2265.29718,0.04675
2264.33281,0.04667
2263.36844,0.0471
2262.40408,0.04734
2261.43971,0.04699
2260.47535,0.04657
2259.51098,0.04657
2258.54661,0.04674
2257.58225,0.04664
2256.61788,0.04643
2255.65351,0.04636
2254.68915,0.04612
2253.72478,0.0455
2252.76041,0.04503
2251.79605,0.04506
2250.83168,0.04517
2249.86731,0.04507
2248.90295,0.04506
2247.93858,0.04517
2246.97421,0.04519
2246.00985,0.04497
2245.04548,0.04449
2244.08111,0.0438
2243.11675,0.04332
2242.15238,0.04341
2241.18801,0.04376
2240.22365,0.04392
2239.25928,0.04379
2238.29491,0.04339
2237.33055,0.04289
2236.36618,0.0428
2235.40181,0.04331
2234.43745,0.04374
2233.47308,0.04365
2232.50871,0.04322
2231.54435,0.04282
2230.57998,0.04271
2229.61561,0.04273
2228.65125,0.04252
2227.68688,0.042
2226.72251,0.04174
2225.75815,0.04198
2224.79378,0.04213
2223.82941,0.04162
2222.86505,0.04056
2221.90068,0.0398
2220.93631,0.03975
2219.97195,0.03996
2219.00758,0.04003
2218.04321,0.04004
2217.07885,0.04009
2216.11448,0.03972
2215.15011,0.03881
2214.18575,0.03803
2213.22138,0.0377
2212.25701,0.03737
2211.29265,0.03692
2210.32828,0.03703
2209.36391,0.03766
2208.39955,0.03793
2207.43518,0.03763
2206.47081,0.037
2205.50645,0.03597
2204.54208,0.03485
2203.57771,0.03478
2202.61335,0.03606
2201.64898,0.0373
2200.68462,0.03723
2199.72025,0.03609
2198.75588,0.03504
2197.79152,0.03463
2196.82715,0.03462
2195.86278,0.03462
2194.89842,0.03455
2193.93405,0.03443
2192.96968,0.03433
2192.00532,0.03422
2191.04095,0.03412
2190.07658,0.03401
2189.11222,0.0339
2188.14785,0.0338
2187.18348,0.03369
2186.21912,0.03359
2185.25475,0.03348
2184.29038,0.03337
2183.32602,0.03327
2182.36165,0.03316
2181.39728,0.03306
2180.43292,0.03295
2179.46855,0.03284
2178.50418,0.03274
2177.53982,0.03263
2176.57545,0.03253
2175.61108,0.03242
2174.64672,0.03231
2173.68235,0.03221
2172.71798,0.0321
2171.75362,0.032
2170.78925,0.03189
2169.82488,0.03178
2168.86052,0.03168
2167.89615,0.03157
2166.93178,0.03147
2165.96742,0.03136
2165.00305,0.03125
2164.03868,0.03115
2163.07432,0.03104
2162.10995,0.03094
2161.14558,0.03083
2160.18122,0.03072
2159.21685,0.03062
2158.25248,0.03051
2157.28812,0.03041
2156.32375,0.0303
2155.35938,0.03019
2154.39502,0.03009
2153.43065,0.02998
2152.46628,0.02988
2151.50192,0.02977
2150.53755,0.02966
2149.57318,0.02956
2148.60882,0.02945
2147.64445,0.02935
2146.68008,0.02924
2145.71572,0.02913
2144.75135,0.02903
2143.78698,0.02892
2142.82262,0.02882
2141.85825,0.02871
2140.89388,0.0286
2139.92952,0.0285
2138.96515,0.02839
2138.00079,0.02829
2137.03642,0.02818
2136.07205,0.02807
2135.10769,0.02797
2134.14332,0.02786
2133.17895,0.02776
2132.21459,0.02765
2131.25022,0.02754
2130.28585,0.02744
2129.32149,0.02733
2128.35712,0.02723
2127.39275,0.02712
2126.42839,0.02701
2125.46402,0.02691
2124.49965,0.0268
2123.53529,0.0267
2122.57092,0.02659
2121.60655,0.02648
2120.64219,0.02638
2119.67782,0.02627
2118.71345,0.02617
2117.74909,0.02606
2116.78472,0.02595
2115.82035,0.02585
2114.85599,0.02574
2113.89162,0.02564
2112.92725,0.02553
2111.96289,0.02542
2110.99852,0.02532
2110.03415,0.02521
2109.06979,0.02511
2108.10542,0.025
2107.14105,0.02489
2106.17669,0.02479
2105.21232,0.02468
2104.24795,0.02458
2103.28359,0.02447
2102.31922,0.02436
2101.35485,0.02426
2100.39049,0.02415
2099.42612,0.02405
2098.46175,0.02394
2097.49739,0.02383
2096.53302,0.02373
2095.56865,0.02362
2094.60429,0.02352
2093.63992,0.02341
2092.67555,0.0233
2091.71119,0.0232
2090.74682,0.02309
2089.78245,0.02299
2088.81809,0.02288
2087.85372,0.02277
2086.88935,0.02267
2085.92499,0.02256
2084.96062,0.02246
2083.99625,0.02235
2083.03189,0.02224
2082.06752,0.02214
2081.10315,0.02203
2080.13879,0.02193
2079.17442,0.02182
2078.21005,0.02171
2077.24569,0.02161
2076.28132,0.0215
2075.31696,0.0214
2074.35259,0.02129
2073.38822,0.02118
2072.42386,0.02108
2071.45949,0.02097
2070.49512,0.02087
2069.53076,0.02076
2068.56639,0.02065
2067.60202,0.02055
2066.63766,0.02044
2065.67329,0.02034
2064.70892,0.02023
2063.74456,0.02012
2062.78019,0.02002
2061.81582,0.01991
2060.85146,0.01981
2059.88709,0.0197
2058.92272,0.01959
2057.95836,0.01949
2056.99399,0.01938
2056.02962,0.01928
2055.06526,0.01917
2054.10089,0.01906
2053.13652,0.01896
2052.17216,0.01885
2051.20779,0.01875
2050.24342,0.01864
2049.27906,0.01853
2048.31469,0.01843
2047.35032,0.01832
2046.38596,0.01822
2045.42159,0.01811
2044.45722,0.018
2043.49286,0.0179
2042.52849,0.01779
2041.56412,0.01769
2040.59976,0.01758
2039.63539,0.01747
2038.67102,0.01737
2037.70666,0.01726
2036.74229,0.01715
2035.77792,0.01705
2034.81356,0.01694
2033.84919,0.01684
2032.88482,0.01673
2031.92046,0.01662
2030.95609,0.01652
2029.99172,0.01641
2029.02736,0.01631
2028.06299,0.0162
2027.09862,0.01609
2026.13426,0.01599
2025.16989,0.01588
2024.20552,0.01578
2023.24116,0.01567
2022.27679,0.01556
2021.31242,0.01546
2020.34806,0.01535
2019.38369,0.01525
2018.41932,0.01514
2017.45496,0.01503
2016.49059,0.01493
2015.52622,0.01482
2014.56186,0.01472
2013.59749,0.01461
2012.63313,0.0145
2011.66876,0.0144
2010.70439,0.01429
2009.74003,0.01419
2008.77566,0.01408
2007.81129,0.01397
2006.84693,0.01387
2005.88256,0.01376
2004.91819,0.01366
2003.95383,0.01355
2002.98946,0.01344
2002.02509,0.01334
2001.06073,0.01323
2000.09636,0.01313
1999.13199,0.01302
1998.16763,0.01291
1997.20326,0.01281
1996.23889,0.0127
1995.27453,0.0126
1994.31016,0.01249
1993.34579,0.01238
1992.38143,0.01228
1991.41706,0.01217
1990.45269,0.01207
1989.48833,0.01196
1988.52396,0.01185
1987.55959,0.01175
1986.59523,0.01164
1985.63086,0.01154
1984.66649,0.01143
1983.70213,0.01132
1982.73776,0.01122
1981.77339,0.01111
1980.80903,0.01101
1979.84466,0.0109
1978.88029,0.01079
1977.91593,0.01069
1976.95156,0.01058
1975.98719,0.01048
1975.02283,0.01037
1974.05846,0.01026
1973.09409,0.01016
1972.12973,0.01005
1971.16536,0.00995
1970.20099,0.00984
1969.23663,0.00973
1968.27226,0.00963
1967.30789,0.00952
1966.34353,0.00942
1965.37916,0.00931
1964.41479,0.0092
1963.45043,0.0091
1962.48606,0.00899
1961.52169,0.00889
1960.55733,0.00878
1959.59296,0.00867
1958.62859,0.00857
1957.66423,0.00846
1956.69986,0.00836
1955.73549,0.00825
1954.77113,0.00814
1953.80676,0.00804
1952.8424,0.00793
1951.87803,0.00783
1950.91366,0.00772
1949.9493,0.00761
1948.98493,0.00751
1948.02056,0.0074
1947.0562,0.0073
1946.09183,0.00719
1945.12746,0.00708
1944.1631,0.00698
1943.19873,0.00687
1942.23436,0.00677
1941.27,0.00666
1940.30563,0.00655
1939.34126,0.00645
1938.3769,0.00634
1937.41253,0.00624
1936.44816,0.00613
1935.4838,0.00602
1934.51943,0.00592
1933.55506,0.00581
1932.5907,0.00571
1931.62633,0.0056
1930.66196,0.00549
1929.6976,0.00539
1928.73323,0.00528
1927.76886,0.00518
1926.8045,0.00506
1925.84013,0.00499
1924.87576,0.00488
1923.9114,0.00477
1922.94703,0.00488
1921.98266,0.00531
1921.0183,0.00572
1920.05393,0.00574
1919.08956,0.00541
1918.1252,0.00499
1917.16083,0.00481
1916.19646,0.00495
1915.2321,0.0053
1914.26773,0.00556
1913.30336,0.00545
1912.339,0.00494
1911.37463,0.00441
1910.41026,0.00437
1909.4459,0.00473
1908.48153,0.00484
1907.51716,0.00449
1906.5528,0.00397
1905.58843,0.00355
1904.62406,0.00316
1903.6597,0.00288
1902.69533,0.00292
1901.73096,0.00327
1900.7666,0.0036
1899.80223,0.00353
1898.83786,0.00309
1897.8735,0.00266
1896.90913,0.00256
1895.94476,0.00268
1894.9804,0.00269
1894.01603,0.00251
1893.05166,0.00231
1892.0873,0.00228
1891.12293,0.00238
1890.15857,0.00242
1889.1942,0.00222
1888.22983,0.00197
1887.26547,0.00183
1886.3011,0.00171
1885.33673,0.00148
1884.37237,0.00133
1883.408,0.00143
1882.44363,0.00166
1881.47927,0.00176
1880.5149,0.00168
1879.55053,0.00145
1878.58617,0.00115
1877.6218,0.00095
1876.65743,0.00096
1875.69307,0.00101
1874.7287,0.00093
1873.76433,0.00084
1872.79997,0.00089
1871.8356,0.00096
1870.87123,0.00075
1869.90687,0.00037
1868.9425,0.00025
1867.97813,0.00049
1867.01377,0.00066
1866.0494,0.00062
1865.08503,0.00065
1864.12067,0.00091
1863.1563,0.00124
1862.19193,0.00147
1861.22757,0.00154
1860.2632,0.00148
1859.29883,0.00138
1858.33447,0.00137
1857.3701,0.00152
1856.40573,0.00177
1855.44137,0.00201
1854.477,0.00223
1853.51263,0.00248
1852.54827,0.00271
1851.5839,0.00292
1850.61953,0.0032
1849.65517,0.0034
1848.6908,0.00339
1847.72643,0.00341
1846.76207,0.00386
1845.7977,0.00439
1844.83333,0.00449
1843.86897,0.00437
1842.9046,0.0047
1841.94023,0.00546
1840.97587,0.00618
1840.0115,0.00678
1839.04713,0.00736
1838.08277,0.00773
1837.1184,0.00786
1836.15403,0.00811
1835.18967,0.00871
1834.2253,0.00933
1833.26093,0.00974
1832.29657,0.01012
1831.3322,0.01065
1830.36783,0.01117
1829.40347,0.01145
1828.4391,0.01173
1827.47474,0.01228
1826.51037,0.01293
1825.546,0.01327
1824.58164,0.01337
1823.61727,0.01366
1822.6529,0.0141
1821.68854,0.01443
1820.72417,0.01461
1819.7598,0.01493
1818.79544,0.01536
1817.83107,0.01569
1816.8667,0.01586
1815.90234,0.016
1814.93797,0.01632
1813.9736,0.01671
1813.00924,0.01699
1812.04487,0.01702
1811.0805,0.01688
1810.11614,0.01686
1809.15177,0.01708
1808.1874,0.01739
1807.22304,0.01753
1806.25867,0.01754
1805.2943,0.01761
1804.32994,0.01789
1803.36557,0.01825
1802.4012,0.01851
1801.43684,0.01866
1800.47247,0.01873
1799.5081,0.01877
1798.54374,0.01894
1797.57937,0.01935
1796.615,0.01979
1795.65064,0.02017
1794.68627,0.02069
1793.7219,0.02124
1792.75754,0.02159
1791.79317,0.02179
1790.8288,0.02226
1789.86444,0.02299
1788.90007,0.02375
1787.9357,0.02445
1786.97134,0.02521
1786.00697,0.02605
1785.0426,0.02685
1784.07824,0.02769
1783.11387,0.02874
1782.1495,0.02994
1781.18514,0.031
1780.22077,0.03191
1779.2564,0.03303
1778.29204,0.03445
1777.32767,0.03597
1776.3633,0.03735
1775.39894,0.03862
1774.43457,0.04003
1773.4702,0.04151
1772.50584,0.04284
1771.54147,0.04407
1770.5771,0.04562
1769.61274,0.04749
1768.64837,0.04933
1767.684,0.05095
1766.71964,0.05259
1765.75527,0.05437
1764.79091,0.05624
1763.82654,0.05822
1762.86217,0.06012
1761.89781,0.06177
1760.93344,0.06325
1759.96907,0.0649
1759.00471,0.06681
1758.04034,0.06876
1757.07597,0.07058
1756.11161,0.07221
1755.14724,0.07383
1754.18287,0.07559
1753.21851,0.07744
1752.25414,0.07916
1751.28977,0.08063
1750.32541,0.08218
1749.36104,0.08391
1748.39667,0.08556
1747.43231,0.08688
1746.46794,0.08812
1745.50357,0.08957
1744.53921,0.09098
1743.57484,0.09212
1742.61047,0.09319
1741.64611,0.09454
1740.68174,0.09581
1739.71737,0.09654
1738.75301,0.09704
1737.78864,0.09774
1736.82427,0.09904
1735.85991,0.10059
1734.89554,0.1014
1733.93117,0.10078
1732.96681,0.09999
1732.00244,0.10032
1731.03807,0.10114
1730.07371,0.10128
1729.10934,0.10084
1728.14497,0.1006
1727.18061,0.1005
1726.21624,0.10029
1725.25187,0.09993
1724.28751,0.09944
1723.32314,0.09876
1722.35877,0.09792
1721.39441,0.09725
1720.43004,0.09709
1719.46567,0.09686
1718.50131,0.09571
1717.53694,0.0938
1716.57257,0.09262
1715.60821,0.09203
1714.64384,0.09102
1713.67947,0.08939
1712.71511,0.08808
1711.75074,0.08715
1710.78637,0.08602
1709.82201,0.08458
1708.85764,0.0833
1707.89327,0.08228
1706.92891,0.08105
1705.96454,0.07939
1705.00017,0.07747
1704.03581,0.07556
1703.07144,0.07487
1702.10708,0.0748
1701.14271,0.07334
1700.17834,0.06952
1699.21398,0.06652
1698.24961,0.06615
1697.28524,0.06635
1696.32088,0.06459
1695.35651,0.06154
1694.39214,0.0595
1693.42778,0.0586
1692.46341,0.05789
1691.49904,0.05666
1690.53468,0.05526
1689.57031,0.05374
1688.60594,0.05212
1687.64158,0.05086
1686.67721,0.05046
1685.71284,0.05002
1684.74848,0.04818
1683.78411,0.04524
1682.81974,0.04341
1681.85538,0.04301
1680.89101,0.04272
1679.92664,0.04152
1678.96228,0.04015
1677.99791,0.0394
1677.03354,0.03913
1676.06918,0.03835
1675.10481,0.0367
1674.14044,0.03536
1673.17608,0.0349
1672.21171,0.03476
1671.24734,0.03433
1670.28298,0.03367
1669.31861,0.03276
1668.35424,0.03182
1667.38988,0.03139
1666.42551,0.03136
1665.46114,0.03146
1664.49678,0.03147
1663.53241,0.03129
1662.56804,0.03082
1661.60368,0.03049
1660.63931,0.03062
1659.67494,0.03095
1658.71058,0.03124
1657.74621,0.03148
1656.78184,0.03179
1655.81748,0.03264
1654.85311,0.03365
1653.88874,0.03394
1652.92438,0.03313
1651.96001,0.03283
1650.99564,0.0337
1650.03128,0.03527
1649.06691,0.03662
1648.10254,0.03764
1647.13818,0.03831
1646.17381,0.0388
1645.20944,0.0396
1644.24508,0.04086
1643.28071,0.04234
1642.31635,0.04375
1641.35198,0.04522
1640.38761,0.04683
1639.42325,0.04848
1638.45888,0.0502
1637.49451,0.05201
1636.53015,0.05379
1635.56578,0.05534
1634.60141,0.05697
1633.63705,0.059
1632.67268,0.06129
1631.70831,0.06354
1630.74395,0.0657
1629.77958,0.06785
1628.81521,0.06991
1627.85085,0.07188
1626.88648,0.07387
1625.92211,0.07606
1624.95775,0.07819
1623.99338,0.07987
1623.02901,0.08112
1622.06465,0.08244
1621.10028,0.08394
1620.13591,0.08533
1619.17155,0.08665
1618.20718,0.08774
1617.24281,0.08825
1616.27845,0.08814
1615.31408,0.08829
1614.34971,0.08886
1613.38535,0.08935
1612.42098,0.08952
1611.45661,0.08962
1610.49225,0.08974
1609.52788,0.08972
1608.56351,0.08961
1607.59915,0.08951
1606.63478,0.08941
1605.67041,0.08936
1604.70605,0.08936
1603.74168,0.08937
1602.77731,0.08936
1601.81295,0.08942
1600.84858,0.08956
1599.88421,0.08971
1598.91985,0.08986
1597.95548,0.09009
1596.99111,0.0904
1596.02675,0.09066
1595.06238,0.09086
1594.09801,0.09108
1593.13365,0.09136
1592.16928,0.09163
1591.20491,0.09188
1590.24055,0.09212
1589.27618,0.09231
1588.31181,0.09245
1587.34745,0.09258
1586.38308,0.0927
1585.41871,0.09274
1584.45435,0.0927
1583.48998,0.0926
1582.52561,0.09242
1581.56125,0.09219
1580.59688,0.09179
1579.63252,0.09132
1578.66815,0.09123
1577.70378,0.09123
1576.73942,0.09046
1575.77505,0.08868
1574.81068,0.08728
1573.84632,0.08655
1572.88195,0.08601
1571.91758,0.0853
1570.95322,0.0844
1569.98885,0.08286
1569.02448,0.08074
1568.06012,0.07916
1567.09575,0.07822
1566.13138,0.0772
1565.16702,0.07548
1564.20265,0.07349
1563.23828,0.0719
1562.27392,0.07104
1561.30955,0.07037
1560.34518,0.06882
1559.38082,0.06587
1558.41645,0.06242
1557.45208,0.0599
1556.48772,0.05892
1555.52335,0.05815
1554.55898,0.0564
1553.59462,0.05394
1552.63025,0.05215
1551.66588,0.05088
1550.70152,0.04931
1549.73715,0.04707
1548.77278,0.04488
1547.80842,0.04336
1546.84405,0.04217
1545.87968,0.04062
1544.91532,0.03865
1543.95095,0.03687
1542.98658,0.03534
1542.02222,0.03392
1541.05785,0.03245
1540.09348,0.03042
1539.12912,0.0278
1538.16475,0.02567
1537.20038,0.02468
1536.23602,0.02423
1535.27165,0.0234
1534.30728,0.02197
1533.34292,0.02006
1532.37855,0.01841
1531.41418,0.01729
1530.44982,0.01647
1529.48545,0.0155
1528.52108,0.01436
1527.55672,0.01324
1526.59235,0.01214
1525.62798,0.01098
1524.66362,0.00995
1523.69925,0.00946
1522.73488,0.00911
1521.77052,0.00811
1520.80615,0.00661
1519.84178,0.00568
1518.87742,0.00571
1517.91305,0.00579
1516.94869,0.00518
1515.98432,0.00423
1515.01995,0.00362
1514.05559,0.00341
1513.09122,0.00323
1512.12685,0.00293
1511.16249,0.00269
1510.19812,0.00274
1509.23375,0.00307
1508.26939,0.00334
1507.30502,0.00316
1506.34065,0.00245
1505.37629,0.00196
1504.41192,0.00216
1503.44755,0.00279
1502.48319,0.00323
1501.51882,0.00355
1500.55445,0.00399
1499.59009,0.00447
1498.62572,0.00489
1497.66135,0.00525
1496.69699,0.00555
1495.73262,0.00568
1494.76825,0.00594
1493.80389,0.0065
1492.83952,0.00729
1491.87515,0.00811
1490.91079,0.00873
1489.94642,0.00912
1488.98205,0.00948
1488.01769,0.01001
1487.05332,0.0106
1486.08895,0.01118
1485.12459,0.01183
1484.16022,0.01254
1483.19585,0.01327
1482.23149,0.01393
1481.26712,0.01453
1480.30275,0.01513
1479.33839,0.01586
1478.37402,0.01678
1477.40965,0.01767
1476.44529,0.01845
1475.48092,0.01925
1474.51655,0.02025
1473.55219,0.02122
1472.58782,0.02192
1471.62345,0.02261
1470.65909,0.02353
1469.69472,0.02474
1468.73035,0.02594
1467.76599,0.02716
1466.80162,0.02844
1465.83725,0.0297
1464.87289,0.0308
1463.90852,0.0318
1462.94415,0.03295
1461.97979,0.03419
1461.01542,0.03548
1460.05105,0.03688
1459.08669,0.03835
1458.12232,0.03976
1457.15795,0.04099
1456.19359,0.04231
1455.22922,0.04382
1454.26486,0.04554
1453.30049,0.04725
1452.33612,0.04886
1451.37176,0.05042
1450.40739,0.05208
1449.44302,0.05386
1448.47866,0.05557
1447.51429,0.05715
1446.54992,0.05873
1445.58556,0.0604
1444.62119,0.06214
1443.65682,0.0639
1442.69246,0.06566
1441.72809,0.06736
1440.76372,0.06903
1439.79936,0.07077
1438.83499,0.07263
1437.87062,0.07441
1436.90626,0.07592
1435.94189,0.07739
1434.97752,0.07907
1434.01316,0.08089
1433.04879,0.08259
1432.08442,0.08417
1431.12006,0.08574
1430.15569,0.08724
1429.19132,0.08869
1428.22696,0.09014
1427.26259,0.09164
1426.29822,0.09315
1425.33386,0.09461
1424.36949,0.09595
1423.40512,0.09712
1422.44076,0.09839
1421.47639,0.09991
1420.51202,0.10143
1419.54766,0.10252
1418.58329,0.10329
1417.61892,0.1042
1416.65456,0.10531
1415.69019,0.10647
1414.72582,0.10756
1413.76146,0.10866
1412.79709,0.10971
1411.83272,0.11067
1410.86836,0.11155
1409.90399,0.11242
1408.93962,0.11336
1407.97526,0.11433
1407.01089,0.11534
1406.04652,0.11623
1405.08216,0.11691
1404.11779,0.11751
1403.15342,0.11826
1402.18906,0.11918
1401.22469,0.1201
1400.26032,0.12085
1399.29596,0.12138
1398.33159,0.12187
1397.36722,0.12259
1396.40286,0.12342
1395.43849,0.12403
1394.47413,0.12438
1393.50976,0.12491
1392.54539,0.12571
1391.58103,0.12653
1390.61666,0.12718
1389.65229,0.12777
1388.68793,0.1283
1387.72356,0.1287
1386.75919,0.12911
1385.79483,0.12969
1384.83046,0.13039
1383.86609,0.13103
1382.90173,0.1316
1381.93736,0.13216
1380.97299,0.1327
1380.00863,0.13322
1379.04426,0.13371
1378.07989,0.13418
1377.11553,0.13469
1376.15116,0.13525
1375.18679,0.13577
1374.22243,0.13613
1373.25806,0.13637
1372.29369,0.13667
1371.32933,0.13714
1370.36496,0.13769
1369.40059,0.13817
1368.43623,0.1385
1367.47186,0.13877
1366.50749,0.13909
1365.54313,0.13951
1364.57876,0.13995
1363.61439,0.14024
1362.65003,0.14037
1361.68566,0.1405
1360.72129,0.1407
1359.75693,0.14096
1358.79256,0.14123
1357.82819,0.14154
1356.86383,0.14186
1355.89946,0.14216
1354.93509,0.14234
1353.97073,0.14242
1353.00636,0.14253
1352.04199,0.14272
1351.07763,0.14294
1350.11326,0.14313
1349.14889,0.1433
1348.18453,0.14345
1347.22016,0.1436
1346.25579,0.14379
1345.29143,0.14397
1344.32706,0.14409
1343.36269,0.14421
1342.39833,0.14446
1341.43396,0.14476
1340.46959,0.14494
1339.50523,0.14498
1338.54086,0.14505
1337.57649,0.14518
1336.61213,0.14534
1335.64776,0.14556
1334.68339,0.14581
1333.71903,0.14604
1332.75466,0.14618
1331.7903,0.14633
1330.82593,0.14661
1329.86156,0.14695
1328.8972,0.14728
1327.93283,0.14759
1326.96846,0.14794
1326.0041,0.14836
1325.03973,0.1488
1324.07536,0.14921
1323.111,0.14963
1322.14663,0.15011
1321.18226,0.15061
1320.2179,0.15103
1319.25353,0.15137
1318.28916,0.1518
1317.3248,0.15238
1316.36043,0.15299
1315.39606,0.15356
1314.4317,0.15405
1313.46733,0.15457
1312.50296,0.15519
1311.5386,0.15597
1310.57423,0.15683
1309.60986,0.15764
1308.6455,0.15836
1307.68113,0.15901
1306.71676,0.1597
1305.7524,0.16048
1304.78803,0.16133
1303.82366,0.16217
1302.8593,0.163
1301.89493,0.16389
1300.93056,0.16477
1299.9662,0.16561
1299.00183,0.16639
1298.03746,0.16719
1297.0731,0.16804
1296.10873,0.16891
1295.14436,0.16976
1294.18,0.17058
1293.21563,0.17149
1292.25126,0.17248
1291.2869,0.17345
1290.32253,0.17428
1289.35816,0.1751
1288.3938,0.17603
1287.42943,0.17697
1286.46506,0.17783
1285.5007,0.1786
1284.53633,0.17934
1283.57196,0.18006
1282.6076,0.18081
1281.64323,0.18163
1280.67886,0.18247
1279.7145,0.18326
1278.75013,0.18402
1277.78576,0.18483
1276.8214,0.18563
1275.85703,0.18636
1274.89266,0.18701
1273.9283,0.18764
1272.96393,0.18826
1271.99956,0.1889
1271.0352,0.18956
1270.07083,0.19019
1269.10647,0.19081
1268.1421,0.19141
1267.17773,0.19198
1266.21337,0.19255
1265.249,0.19313
1264.28463,0.1937
1263.32027,0.19423
1262.3559,0.19478
1261.39153,0.19535
1260.42717,0.1959
1259.4628,0.19644
1258.49843,0.19696
1257.53407,0.19751
1256.5697,0.19809
1255.60533,0.19868
1254.64097,0.19923
1253.6766,0.19974
1252.71223,0.20024
1251.74787,0.20073
1250.7835,0.20122
1249.81913,0.20173
1248.85477,0.20231
1247.8904,0.20295
1246.92603,0.20357
1245.96167,0.2041
1244.9973,0.2046
1244.03293,0.20511
1243.06857,0.20563
1242.1042,0.2062
1241.13983,0.2068
1240.17547,0.20744
1239.2111,0.20813
1238.24673,0.20888
1237.28237,0.20959
1236.318,0.21021
1235.35363,0.21076
1234.38927,0.21133
1233.4249,0.21199
1232.46053,0.21267
1231.49617,0.21328
1230.5318,0.21382
1229.56743,0.21434
1228.60307,0.2149
1227.6387,0.21547
1226.67433,0.21598
1225.70997,0.21635
1224.7456,0.2167
1223.78123,0.21707
1222.81687,0.21741
1221.8525,0.21765
1220.88813,0.21778
1219.92377,0.21781
1218.9594,0.21775
1217.99503,0.21766
1217.03067,0.21757
1216.0663,0.21745
1215.10193,0.21728
1214.13757,0.21706
1213.1732,0.2168
1212.20883,0.21649
1211.24447,0.2162
1210.2801,0.216
1209.31573,0.21587
1208.35137,0.21567
1207.387,0.2153
1206.42264,0.21487
1205.45827,0.21453
1204.4939,0.21435
1203.52954,0.21423
1202.56517,0.21407
1201.6008,0.21384
1200.63644,0.21354
1199.67207,0.21322
1198.7077,0.21295
1197.74334,0.21279
1196.77897,0.21276
1195.8146,0.21277
1194.85024,0.21276
1193.88587,0.21273
1192.9215,0.21271
1191.95714,0.21273
1190.99277,0.21283
1190.0284,0.21296
1189.06404,0.21304
1188.09967,0.2131
1187.1353,0.2132
1186.17094,0.21337
1185.20657,0.21359
1184.2422,0.21382
1183.27784,0.21402
1182.31347,0.21421
1181.3491,0.21445
1180.38474,0.21469
1179.42037,0.21485
1178.456,0.21498
1177.49164,0.21516
1176.52727,0.21536
1175.5629,0.21551
1174.59854,0.21558
1173.63417,0.21561
1172.6698,0.21568
1171.70544,0.21578
1170.74107,0.21584
1169.7767,0.21588
1168.81234,0.21597
1167.84797,0.21605
1166.8836,0.21597
1165.91924,0.21572
1164.95487,0.21541
1163.9905,0.21511
1163.02614,0.21485
1162.06177,0.21467
1161.0974,0.21452
1160.13304,0.21437
1159.16867,0.21411
1158.2043,0.21364
1157.23994,0.21309
1156.27557,0.21269
1155.3112,0.21247
1154.34684,0.21217
1153.38247,0.21168
1152.4181,0.21106
1151.45374,0.21044
1150.48937,0.20992
1149.525,0.20952
1148.56064,0.20909
1147.59627,0.20856
1146.63191,0.20808
1145.66754,0.2078
1144.70317,0.20761
1143.73881,0.20733
1142.77444,0.20705
1141.81007,0.20681
1140.84571,0.20652
1139.88134,0.20615
1138.91697,0.20583
1137.95261,0.20567
1136.98824,0.20564
1136.02387,0.20558
1135.05951,0.20543
1134.09514,0.20523
1133.13077,0.20513
1132.16641,0.20515
1131.20204,0.20524
1130.23767,0.20532
1129.27331,0.20537
1128.30894,0.20542
1127.34457,0.20552
1126.38021,0.20568
1125.41584,0.20591
1124.45147,0.20616
1123.48711,0.20638
1122.52274,0.2066
1121.55837,0.20697
1120.59401,0.2075
1119.62964,0.20805
1118.66527,0.20849
1117.70091,0.20896
1116.73654,0.20957
1115.77217,0.21028
1114.80781,0.21092
1113.84344,0.2115
1112.87907,0.21217
1111.91471,0.21291
1110.95034,0.21365
1109.98597,0.21446
1109.02161,0.21544
1108.05724,0.21654
1107.09287,0.21767
1106.12851,0.21875
1105.16414,0.21971
1104.19977,0.22067
1103.23541,0.2218
1102.27104,0.22309
1101.30667,0.22441
1100.34231,0.2258
1099.37794,0.22731
1098.41357,0.22883
1097.44921,0.2303
1096.48484,0.23175
1095.52047,0.23326
1094.55611,0.23489
1093.59174,0.23675
1092.62737,0.23868
1091.66301,0.24047
1090.69864,0.2421
1089.73427,0.24376
1088.76991,0.24556
1087.80554,0.24752
1086.84117,0.24957
1085.87681,0.25163
1084.91244,0.25362
1083.94808,0.25551
1082.98371,0.25739
1082.01934,0.25936
1081.05498,0.26146
1080.09061,0.26363
1079.12624,0.26575
1078.16188,0.26779
1077.19751,0.26983
1076.23314,0.27193
1075.26878,0.27409
1074.30441,0.27626
1073.34004,0.27843
1072.37568,0.28057
1071.41131,0.28271
1070.44694,0.28485
1069.48258,0.287
1068.51821,0.28917
1067.55384,0.29144
1066.58948,0.29393
1065.62511,0.29664
1064.66074,0.29939
1063.69638,0.30204
1062.73201,0.30474
1061.76764,0.30766
1060.80328,0.31077
1059.83891,0.31372
1058.87454,0.31633
1057.91018,0.31887
1056.94581,0.32159
1055.98144,0.32431
1055.01708,0.32661
1054.05271,0.32846
1053.08834,0.3302
1052.12398,0.33187
1051.15961,0.33319
1050.19524,0.33398
1049.23088,0.33435
1048.26651,0.33426
1047.30214,0.33347
1046.33778,0.33199
1045.37341,0.33013
1044.40904,0.32823
1043.44468,0.32617
1042.48031,0.32371
1041.51594,0.32076
1040.55158,0.31744
1039.58721,0.31386
1038.62284,0.30999
1037.65848,0.30594
1036.69411,0.30196
1035.72974,0.29815
1034.76538,0.29423
1033.80101,0.28993
1032.83664,0.2854
1031.87228,0.28092
1030.90791,0.27645
1029.94354,0.27184
1028.97918,0.26718
1028.01481,0.26264
1027.05044,0.25818
1026.08608,0.25377
1025.12171,0.24959
1024.15734,0.2457
1023.19298,0.24183
1022.22861,0.23775
1021.26425,0.23353
1020.29988,0.2294
1019.33551,0.22547
1018.37115,0.22178
1017.40678,0.21845
1016.44241,0.21531
1015.47805,0.21208
1014.51368,0.20877
1013.54931,0.20577
1012.58495,0.20316
1011.62058,0.20072
1010.65621,0.19832
1009.69185,0.19611
1008.72748,0.19413
1007.76311,0.19225
1006.79875,0.19045
1005.83438,0.18883
1004.87001,0.18746
1003.90565,0.18629
1002.94128,0.18523
1001.97691,0.18428
1001.01255,0.18338
1000.04818,0.18248
999.08381,0.18155
998.11945,0.18068
997.15508,0.17994
996.19071,0.17933
995.22635,0.17868
994.26198,0.17787
993.29761,0.17697
992.33325,0.17618
991.36888,0.17548
990.40451,0.17472
989.44015,0.17387
988.47578,0.17302
987.51141,0.17218
986.54705,0.17127
985.58268,0.1703
984.61831,0.16935
983.65395,0.16836
982.68958,0.16724
981.72521,0.16599
980.76085,0.16466
979.79648,0.16327
978.83211,0.16188
977.86775,0.16058
976.90338,0.15927
975.93901,0.15774
974.97465,0.156
974.01028,0.15432
973.04591,0.1528
972.08155,0.15124
971.11718,0.14943
970.15281,0.14748
969.18845,0.14563
968.22408,0.14388
967.25971,0.14208
966.29535,0.14023
965.33098,0.13838
964.36661,0.13644
963.40225,0.13437
962.43788,0.1323
961.47351,0.1304
960.50915,0.12867
959.54478,0.12691
958.58042,0.12493
957.61605,0.12281
956.65168,0.12076
955.68732,0.11884
954.72295,0.11693
953.75858,0.11497
952.79422,0.113
951.82985,0.11103
950.86548,0.10903
949.90112,0.10707
948.93675,0.10526
947.97238,0.10356
947.00802,0.10183
946.04365,0.1
945.07928,0.09815
944.11492,0.09635
943.15055,0.09459
942.18618,0.0929
941.22182,0.09126
940.25745,0.08952
939.29308,0.08766
938.32872,0.0859
937.36435,0.08434
936.39998,0.08282
935.43562,0.08118
934.47125,0.07943
933.50688,0.07768
932.54252,0.07602
931.57815,0.0745
930.61378,0.07303
929.64942,0.07152
928.68505,0.07
927.72068,0.06854
926.75632,0.06712
925.79195,0.06565
924.82758,0.06414
923.86322,0.06271
922.89885,0.06135
921.93448,0.06002
920.97012,0.05876
920.00575,0.05766
919.04138,0.05666
918.07702,0.05567
917.11265,0.05469
916.14828,0.05374
915.18392,0.05281
914.21955,0.0519
913.25518,0.05104
912.29082,0.05026
911.32645,0.04953
910.36208,0.04881
909.39772,0.04808
908.43335,0.04736
907.46898,0.04678
906.50462,0.04642
905.54025,0.04616
904.57588,0.04574
903.61152,0.04517
902.64715,0.04466
901.68278,0.04439
900.71842,0.04432
899.75405,0.0443
898.78969,0.04423
897.82532,0.04413
896.86095,0.04404
895.89659,0.04396
894.93222,0.04394
893.96785,0.04403
893.00349,0.04412
892.03912,0.04419
891.07475,0.04431
890.11039,0.04444
889.14602,0.04446
888.18165,0.04447
887.21729,0.04464
886.25292,0.04492
885.28855,0.04515
884.32419,0.04532
883.35982,0.0455
882.39545,0.0457
881.43109,0.04583
880.46672,0.0458
879.50235,0.04572
878.53799,0.04579
877.57362,0.04594
876.60925,0.04609
875.64489,0.04624
874.68052,0.04642
873.71615,0.04654
872.75179,0.04655
871.78742,0.0465
870.82305,0.04643
869.85869,0.04638
868.89432,0.04634
867.92995,0.0463
866.96559,0.0463
866.00122,0.04632
865.03685,0.04627
864.07249,0.04611
863.10812,0.04587
862.14375,0.04561
861.17939,0.04537
860.21502,0.04522
859.25065,0.04515
858.28629,0.04505
857.32192,0.04482
856.35755,0.04443
855.39319,0.04398
854.42882,0.04361
853.46445,0.04333
852.50009,0.04296
851.53572,0.04244
850.57135,0.04191
849.60699,0.0415
848.64262,0.04118
847.67825,0.04083
846.71389,0.04037
845.74952,0.03978
844.78515,0.03917
843.82079,0.03863
842.85642,0.03807
841.89205,0.03742
840.92769,0.03678
839.96332,0.03622
838.99895,0.03564
838.03459,0.03499
837.07022,0.03431
836.10586,0.03367
835.14149,0.03307
834.17712,0.03247
833.21276,0.03181
832.24839,0.03105
831.28402,0.03025
830.31966,0.02944
829.35529,0.02869
828.39092,0.02806
827.42656,0.02748
826.46219,0.02679
825.49782,0.02599
824.53346,0.02526
823.56909,0.02463
822.60472,0.02406
821.64036,0.02355
820.67599,0.02307
819.71162,0.0225
818.74726,0.0218
817.78289,0.02113
816.81852,0.02059
815.85416,0.02013
814.88979,0.01964
813.92542,0.0191
812.96106,0.01858
811.99669,0.01815
811.03232,0.01777
810.06796,0.01729
809.10359,0.01681
808.13922,0.01644
807.17486,0.01608
806.21049,0.01553
805.24612,0.01491
804.28176,0.01446
803.31739,0.01416
802.35302,0.01383
801.38866,0.01346
800.42429,0.01313
799.45992,0.01291
798.49556,0.01266
797.53119,0.01225
796.56682,0.01174
795.60246,0.01135
794.63809,0.01118
793.67372,0.01109
792.70936,0.01087
791.74499,0.01055
790.78062,0.0103
789.81626,0.01023
788.85189,0.01021
787.88752,0.01003
786.92316,0.00973
785.95879,0.00954
784.99442,0.00949
784.03006,0.00944
783.06569,0.00932
782.10132,0.00923
781.13696,0.0092
780.17259,0.00915
779.20822,0.00904
778.24386,0.0089
777.27949,0.00881
776.31512,0.00884
775.35076,0.00892
774.38639,0.00893
773.42203,0.00884
772.45766,0.00884
771.49329,0.009
770.52893,0.00917
769.56456,0.00928
768.60019,0.00935
767.63583,0.00947
766.67146,0.00963
765.70709,0.00977
764.74273,0.00977
763.77836,0.00972
762.81399,0.00972
761.84963,0.00972
760.88526,0.00964
759.92089,0.00952
758.95653,0.0094
757.99216,0.00935
757.02779,0.00944
756.06343,0.00962
755.09906,0.00968
754.13469,0.00959
753.17033,0.00954
752.20596,0.00965
751.24159,0.00984
750.27723,0.00997
749.31286,0.01004
748.34849,0.01016
747.38413,0.01037
746.41976,0.01054
745.45539,0.01065
744.49103,0.01082
743.52666,0.01106
742.56229,0.01123
741.59793,0.01128
740.63356,0.01131
739.66919,0.01145
738.70483,0.01169
737.74046,0.01199
736.77609,0.01226
735.81173,0.01247
734.84736,0.01271
733.88299,0.01302
732.91863,0.01334
731.95426,0.01353
730.98989,0.01363
730.02553,0.01374
729.06116,0.01401
728.09679,0.01442
727.13243,0.01484
726.16806,0.01509
725.20369,0.01522
724.23933,0.0154
723.27496,0.01571
722.31059,0.01608
721.34623,0.01638
720.38186,0.0166
719.41749,0.0168
718.45313,0.01706
717.48876,0.0174
716.52439,0.01768
715.56003,0.0178
714.59566,0.01784
713.63129,0.01796
712.66693,0.01815
711.70256,0.01837
710.7382,0.01862
709.77383,0.01889
708.80946,0.01915
707.8451,0.01937
706.88073,0.01953
705.91636,0.01971
704.952,0.02
703.98763,0.02035
703.02326,0.02056
702.0589,0.02058
701.09453,0.02061
700.13016,0.02081
699.1658,0.02109
698.20143,0.02133
697.23706,0.0215
696.2727,0.02161
695.30833,0.0217
694.34396,0.02188
693.3796,0.02212
692.41523,0.02231
691.45086,0.02251
690.4865,0.02284
689.52213,0.02318
688.55776,0.02335
687.5934,0.02344
686.62903,0.02358
685.66466,0.02379
684.7003,0.02404
683.73593,0.02428
682.77156,0.02446
681.8072,0.02462
680.84283,0.02478
679.87846,0.02486
678.9141,0.02491
677.94973,0.02512
676.98536,0.02543
676.021,0.02559
675.05663,0.02561
674.09226,0.02577
673.1279,0.0261
672.16353,0.0265
671.19916,0.02698
670.2348,0.02722
669.27043,0.02702
668.30606,0.02668
667.3417,0.02692
666.37733,0.02755
665.41296,0.02805
664.4486,0.02825
663.48423,0.02837
662.51986,0.02852
661.5555,0.02874
660.59113,0.02911
659.62676,0.02951
658.6624,0.02974
657.69803,0.02981
656.73366,0.02989
655.7693,0.03007
654.80493,0.03033
653.84056,0.03068
652.8762,0.03107
651.91183,0.03133
650.94747,0.03143
649.9831,0.03156
649.01873,0.03184
648.05437,0.03215
647.09,0.03242
646.12563,0.03273
645.16127,0.03305
644.1969,0.03326
643.23253,0.03339
642.26817,0.03363
641.3038,0.03398
640.33943,0.03435
639.37507,0.0347
638.4107,0.03505
637.44633,0.0354
636.48197,0.03573
635.5176,0.03608
634.55323,0.03649
633.58887,0.03699
632.6245,0.03752
631.66013,0.03804
630.69577,0.03852
629.7314,0.03893
628.76703,0.03924
627.80267,0.03947
626.8383,0.03962
625.87393,0.03977
624.90957,0.04006
623.9452,0.04061
622.98083,0.04125
622.01647,0.04182
621.0521,0.04239
620.08773,0.04302
619.12337,0.0437
618.159,0.04445
617.19463,0.04521
616.23027,0.04582
615.2659,0.04627
614.30153,0.04678
613.33717,0.04744
612.3728,0.04819
611.40843,0.049
610.44407,0.04975
609.4797,0.05042
608.51533,0.05119
607.55097,0.05224
606.5866,0.05326
605.62223,0.05394
604.65787,0.05451
603.6935,0.05533
602.72913,0.05642
601.76477,0.05763
600.8004,0.05883
599.83603,0.05979
598.87167,0.06049
597.9073,0.06136
596.94293,0.06259
595.97857,0.06385
595.0142,0.06482
594.04983,0.06567
593.08547,0.06661
592.1211,0.06763
591.15673,0.06864
590.19237,0.06952
589.228,0.0703
588.26364,0.07113
587.29927,0.07197
586.3349,0.07266
585.37054,0.07323
584.40617,0.07377
583.4418,0.07405
582.47744,0.07388
581.51307,0.07346
580.5487,0.07316
579.58434,0.07302
578.61997,0.07274
577.6556,0.0722
576.69124,0.07146
575.72687,0.07042
574.7625,0.06904
573.79814,0.06765
572.83377,0.06653
571.8694,0.06553
570.90504,0.06441
569.94067,0.06321
568.9763,0.06198
568.01194,0.06066
567.04757,0.05932
566.0832,0.05806
565.11884,0.05683
564.15447,0.05561
563.1901,0.0546
562.22574,0.05385
561.26137,0.05307
560.297,0.05202
559.33264,0.05079
558.36827,0.04965
557.4039,0.04885
556.43954,0.04851
555.47517,0.04844
554.5108,0.04817
553.54644,0.04758
552.58207,0.04686
551.6177,0.04615
550.65334,0.04561
549.68897,0.0453
548.7246,0.04514
547.76024,0.04497
546.79587,0.04473
545.8315,0.04437
544.86714,0.04393
543.90277,0.04363
542.9384,0.04355
541.97404,0.04347
541.00967,0.0432
540.0453,0.04278
539.08094,0.04239
538.11657,0.04213
537.1522,0.04206
536.18784,0.04199
535.22347,0.04167
534.2591,0.04117
533.29474,0.04077
532.33037,0.04067
531.366,0.04078
530.40164,0.04088
529.43727,0.04074
528.4729,0.04032
527.50854,0.04
526.54417,0.03999
525.57981,0.04
524.61544,0.03973
523.65107,0.03937
522.68671,0.03922
521.72234,0.03913
520.75797,0.03891
519.79361,0.03857
518.82924,0.03831
517.86487,0.03845
516.90051,0.0389
515.93614,0.0391
514.97177,0.03886
514.00741,0.03857
513.04304,0.03825
512.07867,0.03768
511.11431,0.03708
510.14994,0.03686
509.18557,0.03691
508.22121,0.03695
507.25684,0.03693
506.29247,0.03673
505.32811,0.03622
504.36374,0.0358
503.39937,0.03584
502.43501,0.03595
501.47064,0.03568
500.50627,0.03541
499.54191,0.03565
498.57754,0.03622
497.61317,0.03642
496.64881,0.03589
495.68444,0.03528
494.72007,0.03543
493.75571,0.03609
492.79134,0.03628
491.82697,0.0358
490.86261,0.03527
489.89824,0.0351
488.93387,0.03512
487.96951,0.03499
487.00514,0.03482
486.04077,0.03479
485.07641,0.03459
484.11204,0.03388
483.14767,0.03329
482.18331,0.03354
481.21894,0.03432
480.25457,0.03484
479.29021,0.03471
478.32584,0.03403
477.36147,0.03317
476.39711,0.03241
475.43274,0.03169
474.46837,0.03119
473.50401,0.03148
472.53964,0.03266
471.57527,0.0341
470.61091,0.0351
469.64654,0.03507
468.68217,0.03393
467.71781,0.03252
466.75344,0.03205
465.78907,0.03274
464.82471,0.03369
463.86034,0.03404
462.89598,0.03384
461.93161,0.03364
460.96724,0.03349
460.00288,0.03279
459.03851,0.03155
458.07414,0.03076
457.10978,0.03115
456.14541,0.03185
455.18104,0.03199
454.21668,0.03203
453.25231,0.03254
452.28794,0.03298
451.32358,0.03273
450.35921,0.03202
449.39484,0.03121
448.43048,0.03047
447.46611,0.03006
446.50174,0.03006
445.53738,0.03015
444.57301,0.03009
443.60864,0.02995
442.64428,0.02955
441.67991,0.02889
440.71554,0.02859
439.75118,0.02862
438.78681,0.0281
437.82244,0.02717
436.85808,0.02674
435.89371,0.02643
434.92934,0.02565
433.96498,0.02527
433.00061,0.02564
432.03624,0.02584
431.07188,0.02544
430.10751,0.02473
429.14314,0.02374
428.17878,0.02262
427.21441,0.02149
426.25004,0.02018
425.28568,0.01897
424.32131,0.01851
423.35694,0.01858
422.39258,0.01869
421.42821,0.01874
420.46384,0.01754
419.49948,0.01476
418.53511,0.01245
417.57074,0.0131
416.60638,0.01505
415.64201,0.01544
414.67764,0.01407
413.71328,0.01302
412.74891,0.01302
411.78454,0.01262
410.82018,0.01055
409.85581,0.00867
408.89144,0.00894
407.92708,0.00914
406.96271,0.0064
405.99834,0.00335
405.03398,0.00335
404.06961,0.00427
403.10524,0.00368
402.14088,0.0028
401.17651,0.00297
400.21215,0.00297
399.24778,0.00297
